true_label_idx,predicted_label_idx,true_label_name,predicted_label_name,prob_Acne,prob_Actinic_Keratosis,prob_Benign_tumors,prob_Bullous,prob_Candidiasis,prob_DrugEruption,prob_Eczema,prob_Infestations_Bites,prob_Lichen,prob_Lupus,prob_Moles,prob_Psoriasis,prob_Rosacea,prob_Seborrh_Keratoses,prob_SkinCancer,prob_Sun_Sunlight_Damage,prob_Tinea,prob_Unknown_Normal,prob_Vascular_Tumors,prob_Vasculitis,prob_Vitiligo,prob_Warts
0,9,Acne,Lupus,0.035972323,0.00010677486,8.2769846e-05,0.00031692817,9.4452735e-06,4.2350825e-06,1.0552088e-05,0.025941765,9.820373e-05,0.9373134,7.248392e-05,1.1138426e-05,7.344588e-06,3.786275e-07,5.4607705e-07,2.1337553e-06,2.4076407e-06,2.1670493e-08,2.5455136e-06,2.7132523e-05,3.6551162e-06,1.3798869e-05
0,9,Acne,Lupus,0.017734451,0.001262861,9.213959e-05,4.1399103e-06,1.3201208e-06,2.5521067e-06,5.5183623e-06,5.7040447e-06,0.00031715806,0.9404798,8.169981e-06,9.045129e-08,0.039373484,0.00047759316,4.036121e-05,1.456901e-05,0.0001548947,6.106836e-10,2.1768548e-05,2.3475573e-06,3.1225122e-07,8.766945e-07
0,18,Acne,Vascular_Tumors,0.26085207,3.0152634e-05,0.037240375,0.0006052023,0.0003784225,0.094450936,0.0007389348,0.0051432434,0.0015733032,0.0132834865,0.00043153693,0.0010023192,1.8654407e-06,1.0701691e-05,0.00020071422,0.00037610347,2.0296084e-05,3.160475e-07,0.44176427,0.06278297,3.4656337e-06,0.07910931
1,0,Actinic_Keratosis,Acne,0.99517846,0.004353919,1.3655016e-07,4.79777e-08,2.8041208e-07,0.00031102187,7.2804636e-07,1.6700911e-06,3.689086e-06,9.27349e-05,4.966194e-07,8.0639775e-06,1.5980218e-05,2.102821e-07,5.218074e-07,2.3649285e-05,4.215556e-06,2.3935732e-08,2.60956e-06,5.840401e-07,8.458059e-07,5.132825e-08
1,9,Actinic_Keratosis,Lupus,0.0059175817,0.009681657,3.7516843e-06,4.099247e-06,1.0606751e-05,1.7909178e-05,2.7910413e-05,1.795205e-05,7.9650614e-05,0.8820355,5.465912e-05,0.001868483,0.09910798,1.1657171e-05,1.7101842e-05,0.00048813227,0.00046620797,5.001776e-06,2.1631293e-05,3.4059496e-05,0.00012766533,8.0765614e-07
1,14,Actinic_Keratosis,SkinCancer,7.4962276e-07,0.014126989,1.7660932e-05,1.2245573e-06,2.300929e-06,7.754671e-07,0.00010528565,4.142658e-05,4.4303945e-07,3.9843408e-06,1.7195674e-05,3.951678e-05,2.3698369e-05,2.9954972e-05,0.9850835,0.0004722686,4.998605e-07,3.181678e-08,1.6353416e-06,2.6497592e-05,7.536548e-09,4.213226e-06
1,0,Actinic_Keratosis,Acne,0.48273152,0.00077165506,0.010313153,0.3439459,0.003374772,0.00022312613,0.023362953,0.010592277,0.003303718,0.000143824,8.887071e-06,0.0002580866,0.007509341,0.00026002858,0.021809172,1.0289949e-05,0.009269783,2.38537e-07,3.824938e-05,0.08076031,2.010792e-06,0.0013107
1,14,Actinic_Keratosis,SkinCancer,4.514166e-06,0.030212848,0.009107472,5.126853e-06,5.5779066e-07,2.1531457e-06,6.810115e-05,0.0004300695,5.579346e-06,2.1934086e-06,0.00032811766,1.3853782e-05,3.32999e-05,0.00017760767,0.9594081,1.5683503e-05,0.00017704081,4.354266e-10,2.270532e-06,2.2940933e-06,1.7415497e-08,3.213441e-06
1,14,Actinic_Keratosis,SkinCancer,5.372483e-06,0.31591424,7.9028956e-05,1.9180829e-05,2.8074605e-06,7.4122966e-07,1.2993804e-05,8.697017e-05,1.64735e-06,0.00017724377,6.3776874e-06,7.315414e-05,4.2527163e-06,7.7401426e-05,0.68337804,1.695207e-06,0.00014525576,1.6777626e-08,8.032315e-06,4.343257e-06,4.171929e-08,1.1513711e-06
1,15,Actinic_Keratosis,Sun_Sunlight_Damage,9.390714e-06,0.17490882,3.6203153e-06,6.824847e-05,2.3809551e-07,5.2687733e-06,1.3671647e-05,1.2205572e-06,1.2548398e-06,3.010253e-06,1.4489108e-07,1.9705135e-06,1.3048506e-06,1.2904355e-05,1.3643341e-07,0.82482916,0.00013409009,3.165427e-09,7.4749835e-07,9.59126e-07,3.0485703e-06,8.7949076e-07
1,2,Actinic_Keratosis,Benign_tumors,8.193878e-06,0.18094695,0.71578825,0.00024232069,2.0940838e-06,9.829781e-05,0.0022246258,0.00038828,0.00042286332,0.0001454551,1.1704259e-05,0.00023441069,0.0020694486,0.00077959,0.042208355,0.00019389491,0.01706591,1.0259388e-05,0.03694273,0.00017007726,1.2951747e-06,4.4987624e-05
1,14,Actinic_Keratosis,SkinCancer,3.049627e-05,0.058495115,0.04484791,8.638258e-05,6.169449e-06,0.00014484982,2.902048e-05,1.8811712e-05,3.0711195e-05,0.030262042,0.004136604,3.4190114e-05,0.00021051096,0.00051885424,0.8600905,0.0003946501,3.495401e-05,1.1290708e-06,0.0005831533,2.5002979e-05,1.5063584e-05,3.8426e-06
1,3,Actinic_Keratosis,Bullous,6.1404206e-09,8.7056695e-05,1.0084788e-06,0.5214232,2.9271637e-06,0.47542095,1.6431548e-05,7.2688695e-06,0.0009797326,5.559011e-07,4.4914e-09,3.2866164e-06,2.6115002e-08,9.192656e-08,6.661672e-07,8.3405176e-08,5.1171933e-09,2.2068865e-07,5.7949052e-08,0.0020551702,1.1675554e-06,1.0002305e-07
1,12,Actinic_Keratosis,Rosacea,0.00043595926,0.0009452999,6.187027e-07,0.00015988183,2.980764e-05,0.000684819,0.00026933543,8.4441564e-07,2.074443e-05,1.0546849e-05,1.5032161e-06,8.206315e-06,0.9970366,2.1527433e-07,5.088426e-07,8.01856e-05,0.00029196186,2.7191522e-08,1.8475008e-05,9.797107e-08,4.070211e-06,3.387755e-07
1,11,Actinic_Keratosis,Psoriasis,0.000709288,0.058021642,3.21051e-05,0.0020996996,0.00077609776,0.28778484,0.0006702799,0.00043673074,0.03477082,0.0026520821,0.0017407862,0.54721475,0.009210304,0.00979857,0.0005986847,0.00024446,0.0077590276,0.03279014,0.00018435442,5.873915e-05,0.0024297435,1.6910777e-05
1,5,Actinic_Keratosis,DrugEruption,0.00034823074,0.025748694,0.0018084417,0.030030455,3.3636887e-05,0.9245439,7.920265e-06,0.0077230446,0.0059486493,0.0029980715,5.2112482e-05,6.0414504e-06,3.2654414e-05,4.82705e-05,2.8110968e-05,1.5889922e-05,2.6128939e-05,0.0005268932,1.0903053e-05,3.2315587e-05,2.0228405e-05,9.341507e-06
1,5,Actinic_Keratosis,DrugEruption,5.699415e-07,0.32046518,1.0788228e-06,1.3136713e-05,1.7263478e-08,0.6792479,1.8391718e-07,9.581762e-07,2.0975438e-05,2.4383178e-05,3.4804646e-06,7.629131e-06,0.00016015595,9.211167e-07,3.777093e-06,1.663337e-05,1.0526613e-05,1.2022274e-07,8.617514e-07,8.086991e-08,2.1342319e-05,6.469237e-09
1,12,Actinic_Keratosis,Rosacea,0.00013398565,0.14591625,1.4150119e-07,0.0067533236,1.3249763e-05,0.00013619132,3.0153096e-06,3.7474794e-07,2.1520644e-05,7.8240655e-06,1.7872419e-07,3.392361e-06,0.8469912,1.2514887e-06,3.2357835e-07,1.0490845e-05,5.2875885e-06,4.9502006e-08,1.6234931e-06,4.7445894e-08,2.173571e-07,1.4276299e-07
1,3,Actinic_Keratosis,Bullous,3.5192052e-06,0.079681024,7.846737e-06,0.9172153,1.2259445e-08,0.0027225085,6.868291e-08,0.00029043457,4.9907187e-05,2.1812577e-06,2.5685496e-08,1.969703e-07,2.6605946e-07,1.6318312e-05,1.2316787e-06,7.552151e-08,2.6946987e-06,4.183538e-06,3.189851e-08,1.4350949e-06,5.8377097e-08,6.0643936e-07
2,10,Benign_tumors,Moles,0.00012514569,1.826878e-05,0.31845814,1.8484234e-05,3.281883e-05,1.5724136e-05,0.0026392431,6.130768e-05,5.50415e-05,9.318579e-06,0.66730815,0.00038215448,1.8703939e-05,0.009190989,5.3088803e-05,0.000108488675,7.475491e-05,1.8352206e-06,0.0008551862,0.00013922677,8.461471e-06,0.00042547076
2,18,Benign_tumors,Vascular_Tumors,2.4060184e-06,1.7482584e-08,2.7713884e-05,3.3755043e-08,1.8478562e-09,9.277169e-07,1.747569e-07,2.2221589e-07,1.9466922e-08,1.7855413e-07,0.00021171066,6.8139703e-09,1.9237089e-07,1.878084e-09,6.278995e-05,3.4600915e-05,0.00018153615,7.943889e-11,0.99947745,2.1467228e-08,1.0781842e-09,1.4485777e-08
2,16,Benign_tumors,Tinea,2.9321973e-05,6.8094437e-06,0.0022882172,0.0010133084,1.7089726e-05,0.0074958913,0.00024027706,0.0051164627,0.006796754,7.267324e-06,0.40259838,0.00223777,1.5312287e-06,9.1991606e-05,0.048597503,0.0007377515,0.46502566,6.876691e-05,0.051651556,0.005262829,0.0006951481,1.965217e-05
2,21,Benign_tumors,Warts,1.7925682e-05,4.348097e-06,0.19459476,0.00015864012,5.7491216e-05,7.345346e-05,1.5856599e-06,0.032319505,0.00041824413,5.034807e-06,0.0002649842,1.1541e-05,1.3991972e-06,5.3294116e-06,0.00039138753,1.8957983e-06,7.077856e-05,0.00019161089,0.29074138,0.00011610422,1.9680132e-07,0.48055235
2,14,Benign_tumors,SkinCancer,2.3987837e-05,0.0022911238,0.00034334412,5.9473834e-05,7.537261e-06,2.8463233e-05,0.006684706,0.0005443438,0.0001578855,6.913542e-05,0.084245086,0.00021804994,5.1873526e-06,2.9152341e-05,0.7357948,0.16671744,0.000106730266,2.7749856e-08,0.000859319,0.0017324238,2.3888656e-06,7.928645e-05
2,10,Benign_tumors,Moles,0.0012203655,0.002247184,0.40303513,7.487003e-08,6.7686535e-08,4.2637308e-05,6.020338e-08,6.842634e-05,4.52718e-05,1.5083375e-06,0.591099,4.3090967e-07,4.873614e-08,2.1093576e-05,1.7093986e-06,0.0021869976,1.9723835e-05,5.110807e-08,9.094267e-07,3.2107195e-07,8.5531036e-07,8.086028e-06
2,19,Benign_tumors,Vasculitis,5.655166e-05,6.535956e-06,0.26999548,0.006661416,0.0012241452,0.0003437162,0.00088710483,0.003567225,0.002514774,0.00057975843,0.00032021684,6.6541775e-06,5.6349298e-05,0.002300434,0.10143268,0.00050807407,0.013916895,3.9333834e-05,0.003026685,0.5627922,1.7132217e-05,0.02974665
2,7,Benign_tumors,Infestations_Bites,1.5852303e-05,0.0005989941,0.006872419,7.031438e-06,0.0020683862,0.0013708314,0.00021222934,0.89330727,0.022596642,0.00024792395,0.008232585,0.050597534,1.7109707e-05,1.3381428e-07,0.00030140352,0.0025628007,0.010653544,2.118907e-05,0.00017692207,5.080655e-06,0.00011970745,1.4433356e-05
2,16,Benign_tumors,Tinea,8.845403e-06,1.4380094e-08,0.0111491345,9.726672e-07,1.1400479e-05,2.560043e-06,8.2873385e-07,7.669008e-06,0.0003466876,0.00015878971,0.0014862337,7.5701255e-06,1.919071e-09,2.1066694e-06,4.4111425e-07,0.00055606477,0.9851988,7.7275114e-10,2.0574122e-05,2.106345e-05,0.0010197439,5.290348e-07
2,16,Benign_tumors,Tinea,1.14479635e-05,2.4142371e-05,0.0034507355,0.0017441864,0.09428336,0.0001356205,0.032401968,0.1716159,0.0059027364,0.001598667,0.00025066512,0.0034314394,4.7360586e-06,2.5707512e-05,0.0078021367,1.3961585e-05,0.64882004,3.70617e-07,0.0011693237,0.01729208,3.2176815e-06,0.010017569
2,18,Benign_tumors,Vascular_Tumors,1.219205e-08,3.195403e-08,0.11040468,1.5830453e-06,1.0232728e-06,1.5657555e-05,8.3917534e-08,5.027452e-05,5.575947e-07,1.8457537e-07,1.2544942e-07,1.46621675e-08,1.0303405e-07,2.5092994e-10,2.7913165e-05,5.9828515e-08,7.403956e-07,1.3218359e-07,0.8894956,1.1559407e-06,9.005806e-11,7.5403186e-08
2,9,Benign_tumors,Lupus,1.705403e-05,3.5146238e-07,0.027808987,0.00024831636,4.580899e-06,0.00024297183,1.1503004e-06,0.0036773332,0.014164361,0.9468857,3.7113452e-06,3.0752366e-07,6.898847e-08,8.878414e-10,6.6344232e-06,2.7703896e-05,0.0068730493,3.8619035e-11,2.7486834e-05,9.23535e-06,8.34667e-07,1.8609255e-07
2,1,Benign_tumors,Actinic_Keratosis,1.0209886e-05,0.8488841,0.0050577344,2.9756174e-07,9.718789e-06,5.5647865e-07,8.615495e-06,1.8367791e-05,1.0328168e-05,0.107261375,0.0005026971,0.00021362017,1.2461381e-05,0.00014333452,0.0376198,8.8085304e-05,1.552346e-05,1.0374897e-06,3.5087865e-05,5.646492e-07,2.3551286e-07,0.000106361054
2,1,Benign_tumors,Actinic_Keratosis,1.6194707e-07,0.9968983,0.0030707254,4.335268e-07,2.0650663e-07,2.2130854e-07,2.5721118e-08,1.7500655e-07,1.6148833e-06,1.466168e-05,1.009449e-06,1.9610235e-07,2.760893e-07,1.3749482e-06,3.483042e-06,1.4209021e-06,5.7579637e-08,1.7438985e-06,1.5681479e-06,5.2609446e-09,6.9072904e-08,2.2492584e-06
2,14,Benign_tumors,SkinCancer,0.00020314829,1.01656615e-05,0.38917068,0.0005567875,0.00023740387,9.643618e-06,3.3102475e-05,0.00076073065,4.0457267e-06,3.2821543e-05,0.0003958492,6.658363e-05,2.2966355e-05,7.4166855e-05,0.5540192,0.000101405196,0.020171328,9.368914e-08,0.028800031,0.00035010648,1.3824039e-06,0.0049784016
2,14,Benign_tumors,SkinCancer,0.00022180784,0.0005230109,0.004870198,3.904801e-05,7.3729434e-06,0.00015212882,1.574778e-05,0.00014433642,0.00017574849,0.00022968049,0.00043537695,4.3033175e-05,0.0006345672,0.21973182,0.76405215,0.0003457635,9.556692e-05,2.7029341e-06,0.007838792,0.00040499555,3.6763897e-06,3.2484815e-05
2,14,Benign_tumors,SkinCancer,1.4747214e-05,4.181821e-06,7.634345e-05,3.711436e-05,1.3954853e-08,1.1143927e-06,2.0848536e-07,1.5236956e-06,3.0913947e-07,1.1779715e-07,9.350137e-07,7.560629e-09,1.1985097e-06,1.4649604e-06,0.9990526,0.0007374547,1.1923465e-06,7.561385e-11,6.2275125e-05,7.1221866e-06,7.991827e-10,7.413572e-09
2,14,Benign_tumors,SkinCancer,0.00032759504,0.00041292072,0.12089515,0.00083920045,6.213959e-06,7.1315684e-05,3.5590876e-06,0.00012078923,3.2744542e-06,0.020830391,1.7131964e-05,1.875681e-06,0.0006862979,0.00035774964,0.84814924,0.003683519,0.00012215199,9.238837e-08,0.0029403,0.0005086685,1.2860331e-05,9.75078e-06
2,8,Benign_tumors,Lichen,2.3517899e-07,2.1354996e-08,1.2662249e-05,7.3246515e-06,4.3722872e-07,0.00048561516,5.462621e-06,7.5462353e-06,0.9988176,1.8612174e-07,1.1094892e-05,3.6879305e-06,6.8778188e-09,2.0950552e-07,2.3331788e-07,1.3660161e-06,0.0006406405,8.883326e-09,2.43745e-06,1.1628134e-07,2.7059814e-06,4.5539664e-07
2,7,Benign_tumors,Infestations_Bites,1.1837816e-08,2.222287e-06,0.00079566165,2.1565053e-05,4.0421284e-09,7.4225513e-06,4.6786887e-08,0.99889225,0.00016876227,1.5440564e-07,6.220652e-08,2.4382455e-08,1.0956964e-08,3.7659129e-06,6.9525464e-05,4.9395883e-08,1.192896e-05,3.523525e-08,5.6490063e-07,4.2237166e-06,7.992175e-10,2.1771926e-05
2,10,Benign_tumors,Moles,5.4973143e-06,0.00014362652,0.291801,1.4198983e-05,8.743882e-07,6.5536384e-05,0.0008482734,0.0012984994,0.01911555,6.062972e-06,0.5519813,0.085953236,7.518522e-07,5.0247218e-06,0.00030426428,9.738086e-06,0.015217303,0.032973025,0.00020035131,4.286591e-06,4.7105106e-05,4.5542706e-06
2,9,Benign_tumors,Lupus,0.018382547,0.014642069,0.109568514,4.456576e-05,4.56762e-05,1.1655152e-06,0.00040015922,0.00020076016,2.9567439e-06,0.81554943,0.0046760384,0.00011408507,2.1841422e-05,0.014595428,0.0036873135,0.0033423128,0.0006186249,2.7937373e-08,0.00020982558,3.321069e-05,9.59177e-06,0.013853805
2,9,Benign_tumors,Lupus,1.1345744e-06,4.7795416e-05,0.11392173,6.7098695e-06,2.336951e-06,1.26377645e-05,4.3595366e-05,0.00010394377,4.665072e-05,0.8789105,9.033638e-06,0.00032787886,2.641483e-05,1.578522e-05,0.0004553611,0.00042147824,0.005598524,2.0438132e-07,4.209271e-05,2.2540587e-06,3.7152547e-06,1.4786657e-07
2,11,Benign_tumors,Psoriasis,4.7364056e-06,7.48084e-06,0.24596019,1.9761615e-05,5.336529e-06,0.0009245325,0.13221511,0.21566437,0.009400257,0.00044134684,0.00011474538,0.34533867,7.015448e-07,0.0016708687,0.0005671536,0.00012491453,0.04729984,3.287618e-06,1.2577724e-06,5.7706402e-05,6.9642238e-06,0.00017069974
2,15,Benign_tumors,Sun_Sunlight_Damage,5.177074e-06,2.601819e-06,0.020019507,0.00016062947,8.74093e-07,9.791119e-06,0.00058383844,2.208052e-05,0.27141744,2.052161e-05,0.0059216763,1.1539668e-06,5.3803153e-09,4.5990884e-05,1.910249e-06,0.6082272,0.007849351,1.9667683e-09,1.1405585e-06,0.06906682,0.016298294,0.0003439685
2,8,Benign_tumors,Lichen,0.012002155,0.0004659174,0.07674366,0.000114444185,5.326426e-06,0.00016943557,0.00047400437,0.00032504788,0.5913096,0.00030717417,3.343988e-05,0.00011434339,7.64893e-06,0.28949067,0.00014013506,6.1311155e-05,0.025171457,6.678192e-06,1.4227583e-05,2.8816477e-05,0.00017152882,0.0028430035
2,7,Benign_tumors,Infestations_Bites,1.5924235e-05,0.00012210927,0.004741376,3.1939555e-05,9.599656e-06,0.04902612,0.00020771605,0.84475815,0.03613493,0.014168855,0.0003340353,0.014683378,1.9628683e-06,0.0032840278,4.2152733e-05,0.000115000534,0.0045675794,3.3353826e-05,4.8145394e-05,0.027610926,3.7499653e-06,5.8898077e-05
2,0,Benign_tumors,Acne,0.7832941,0.0068271365,0.019148318,3.1384407e-05,7.0303104e-06,0.00033541603,0.0004871249,5.4656197e-05,3.526464e-05,0.0067304736,0.08689004,7.0073605e-05,0.001296804,6.781625e-05,0.01516675,0.06819756,0.010491558,1.1236856e-07,0.0006608889,0.00013409521,1.5919897e-05,5.7546342e-05
2,13,Benign_tumors,Seborrh_Keratoses,2.06414e-05,0.000119426986,0.10636999,0.00050388504,4.549248e-08,2.2695335e-06,8.811176e-07,2.3034569e-07,0.000386284,2.3662965e-06,9.170991e-06,9.620455e-05,1.2126038e-06,0.89097804,1.2814734e-06,1.6295892e-06,0.00010132274,4.7278874e-09,3.9922934e-08,6.684587e-07,1.9257504e-07,0.0014042017
2,10,Benign_tumors,Moles,0.0015178453,0.0006700324,0.062203635,0.0028114358,0.12416178,0.0028411644,0.05773853,0.07483655,0.028491456,0.011949486,0.5144811,0.009048523,0.0020323375,0.00084612926,0.014128894,0.016387392,0.02966177,0.00066669245,0.03757215,0.0033399987,0.0013688202,0.0032442566
2,10,Benign_tumors,Moles,4.771695e-06,3.089264e-06,0.032152038,5.822207e-07,8.6107553e-07,0.00010552504,6.545359e-07,0.00040424208,0.00036437032,3.685039e-05,0.886313,1.1781411e-06,1.0949873e-07,6.985276e-07,1.3471332e-06,0.0037714345,0.009746394,0.008107852,0.05878159,1.581952e-06,3.6035615e-06,0.00019821338
2,0,Benign_tumors,Acne,0.54894495,9.8830336e-05,0.40888557,1.2505573e-05,3.1442005e-07,6.683236e-05,2.7721182e-05,0.0011615204,3.064665e-05,1.4263301e-05,0.018520659,1.4960505e-05,2.544148e-06,0.00058484974,0.009444813,7.718924e-05,0.00037799412,3.28039e-08,1.139773e-05,2.2858212e-05,1.5528995e-07,0.011699487
3,9,Bullous,Lupus,3.3066337e-06,2.825231e-05,8.954986e-06,0.30551356,0.0012456134,0.0033045425,2.1583437e-05,0.0012160686,0.0010677581,0.5221552,8.467816e-06,0.0040610996,0.000787917,8.373058e-06,2.1721967e-06,0.0005248674,0.15954706,1.529645e-06,0.00012491793,0.00030889118,5.6667843e-05,3.14274e-06
3,19,Bullous,Vasculitis,1.5884997e-09,2.5930567e-09,4.2206074e-07,0.0005254492,4.056486e-08,7.694797e-06,4.1186755e-07,0.077819325,0.0014584772,1.1583135e-06,1.6521429e-10,8.248455e-07,2.1829634e-10,1.3217353e-07,7.6789565e-06,2.7924406e-07,0.0003856861,3.6002246e-10,4.763854e-08,0.91979223,1.1974906e-08,2.1140321e-08
3,14,Bullous,SkinCancer,0.0012238263,0.0001605659,0.30364627,0.002566415,0.0005514563,0.014379556,0.03635435,0.008171091,0.12081608,0.0025550553,0.0017621106,0.01327872,0.00934432,0.00028996312,0.3266531,0.0019619856,0.052764114,1.2295479e-06,0.027653595,0.066869,8.018666e-05,0.008917041
3,6,Bullous,Eczema,1.9516737e-09,6.1791134e-08,7.2717984e-07,0.00075269374,2.067125e-07,6.1098246e-05,0.9987004,4.0130185e-08,0.00029599346,7.80123e-06,5.242985e-08,5.581393e-05,6.076499e-07,1.7456168e-08,3.4836164e-06,1.7984654e-07,9.733494e-06,2.7883695e-09,6.204993e-07,0.00010769543,2.5947804e-06,1.2529846e-07
3,18,Bullous,Vascular_Tumors,0.00033194042,2.9986928e-05,0.013104169,0.00086932856,0.00022557324,0.0480764,0.009416178,0.06774634,3.933056e-05,0.0021515647,0.000789992,0.02694265,1.7026812e-05,0.0006421138,0.048971936,5.328623e-06,9.027305e-05,7.836969e-06,0.7792452,0.0012898706,5.890094e-07,6.433274e-06
3,5,Bullous,DrugEruption,0.01180278,2.5508398e-06,0.00064579013,0.011485244,6.961103e-05,0.5804777,0.022129036,0.18601939,0.02669864,0.00038219566,4.5514706e-05,0.014151686,0.00013428387,7.437373e-06,6.654406e-06,0.10322933,0.040156055,1.2733962e-07,1.4546811e-06,0.0021667576,4.871928e-06,0.00038285562
3,19,Bullous,Vasculitis,0.00033881352,8.7876415e-06,0.021237394,0.0022282768,1.3010251e-05,0.002300125,7.311096e-06,0.2561237,0.0061306343,0.0006003784,1.8231614e-05,3.0142658e-06,7.019156e-07,9.12065e-07,5.085172e-05,0.004741927,4.1029703e-05,8.009862e-07,0.00035012895,0.70562536,2.3377062e-05,0.00015535434
3,7,Bullous,Infestations_Bites,1.3268279e-05,5.241948e-07,0.0016284668,0.000359407,3.1333897e-07,0.00026941032,2.8540003e-06,0.64522475,0.0004770744,4.1578816e-05,1.976647e-07,4.1993115e-08,2.655858e-08,5.1643152e-08,1.314596e-06,0.000247636,4.1903463e-06,7.235099e-08,1.2412964e-06,0.3517005,1.2646717e-07,2.6988488e-05
3,16,Bullous,Tinea,2.1081444e-08,0.00015113232,0.0009964703,0.3058192,0.0058498043,1.8789044e-05,2.759036e-05,0.00011724577,0.00017689864,5.052727e-06,7.846412e-06,0.00048404283,3.7161988e-07,9.225859e-06,2.2001357e-05,6.096752e-06,0.6852531,1.8713918e-07,9.331353e-06,0.0010371443,3.4901354e-06,4.9451837e-06
3,19,Bullous,Vasculitis,2.9168663e-07,1.1419291e-05,0.0027724148,0.14261897,3.778522e-06,3.3214117e-05,3.618494e-06,0.008411499,2.983129e-05,1.8350276e-05,9.19237e-06,9.657235e-06,1.9328584e-06,3.3400745e-06,0.009165611,0.00011427163,0.00075880357,1.8435385e-05,0.18466671,0.64600617,8.117318e-07,0.0053417683
3,2,Bullous,Benign_tumors,7.4974705e-06,2.8901592e-05,0.98755485,0.009094372,6.282427e-06,1.07254655e-05,2.2291773e-07,1.6522563e-05,0.00010760499,0.0025715907,1.2446932e-05,3.2768116e-06,2.136736e-06,1.5934836e-06,0.00020579936,1.1841703e-05,6.46372e-05,4.3436703e-08,3.5710316e-05,0.00025646802,4.615949e-06,2.9095715e-06
3,5,Bullous,DrugEruption,3.104891e-05,0.00013811937,0.0001224444,0.44997394,0.0001179016,0.49784237,7.498135e-05,0.047573723,0.0030796593,8.597539e-05,5.575322e-06,6.264009e-06,3.4868204e-05,1.1716461e-06,1.35712635e-05,0.00014881605,2.0130805e-05,0.00014281408,0.00013926947,0.0003633929,8.21342e-05,1.8142208e-06
3,5,Bullous,DrugEruption,2.200935e-09,3.1438674e-05,2.8899312e-09,0.008223222,1.6498203e-06,0.99155575,7.899394e-07,1.8194205e-08,0.00018272456,4.3140105e-08,3.3661574e-11,3.9322126e-06,1.9560466e-07,1.1188976e-09,1.2900763e-08,1.1460811e-08,2.9994672e-07,4.9573352e-11,2.0029149e-10,1.1297814e-08,6.2100305e-08,4.9034465e-09
3,11,Bullous,Psoriasis,6.976163e-05,0.16981009,9.004399e-06,0.027939197,4.4403747e-05,0.015952587,8.392355e-05,9.2097724e-07,0.0010397794,2.5624006e-05,4.03482e-06,0.78486896,5.1502662e-05,5.068091e-06,1.2541995e-05,4.575725e-05,4.700871e-06,3.293584e-07,1.40701795e-05,3.3166266e-06,1.2275165e-05,2.1408098e-06
3,5,Bullous,DrugEruption,3.2696497e-07,3.967751e-05,3.8062598e-07,0.37323812,1.4279246e-07,0.6264442,9.2520565e-07,0.0002496355,3.386851e-06,1.0223942e-07,6.764854e-08,6.195067e-07,1.5850276e-07,9.2183726e-08,6.250432e-08,1.5734278e-07,1.2802539e-06,2.2671712e-07,3.4236937e-08,1.9887317e-05,1.5714326e-08,4.282522e-07
3,9,Bullous,Lupus,0.0007874985,0.11079279,5.2287218e-05,0.031287305,0.024226373,0.0116962325,1.7009643e-05,4.6675214e-05,0.13135713,0.31864598,0.00035355508,3.324034e-05,0.0440274,0.0009341526,0.0055607143,0.00021142625,0.000786257,3.935178e-06,0.31023902,0.00322568,2.0652747e-05,0.0056946003
3,5,Bullous,DrugEruption,4.8659007e-08,1.43828e-05,2.0279911e-08,0.20649798,6.2386343e-06,0.7934659,3.909346e-08,1.09598616e-07,1.2767671e-05,4.2920023e-09,8.594707e-09,2.9403555e-08,8.9575434e-07,1.1995758e-08,2.176235e-07,9.630427e-09,6.538808e-07,1.3357855e-08,1.3385477e-08,3.203303e-07,3.5524752e-07,3.0347906e-09
3,19,Bullous,Vasculitis,2.2832086e-05,9.426319e-05,0.00012356146,0.19747111,4.2800526e-05,0.0011875472,0.00013974335,0.00033860715,0.0062380475,6.949424e-05,1.6298101e-05,0.00815321,4.708159e-06,7.599359e-05,4.058689e-05,2.5229734e-05,1.8503939e-05,0.012771263,0.0015424261,0.7649393,0.00047608666,0.0062083523
4,9,Candidiasis,Lupus,5.758161e-05,0.013500416,7.652547e-08,1.640226e-07,0.0018658799,4.9198876e-05,1.6734821e-06,0.00195146,0.00010963425,0.9814973,4.309405e-06,3.3561373e-05,3.795705e-05,5.8958047e-08,1.6770903e-07,1.0613511e-05,0.00087778823,3.1769872e-07,2.2979971e-07,5.7975745e-07,5.135421e-07,4.9092904e-07
4,3,Candidiasis,Bullous,4.3416153e-06,2.1813146e-05,0.011104651,0.8713161,5.9876158e-05,0.0046902574,0.0003776002,0.0004543409,0.09449883,0.0002594565,1.1187251e-05,2.2654369e-05,1.5742286e-05,1.5226725e-05,3.4803381e-06,0.00029687543,0.0020432721,0.002989248,0.0010117299,0.00997011,0.0007036561,0.00012962107
4,11,Candidiasis,Psoriasis,0.0032600365,0.00031785827,0.0049066567,2.563559e-06,0.00045340334,0.024305204,0.010996171,0.0015913319,0.06279778,0.022033622,0.00048705857,0.82753384,0.0012925124,6.8573063e-06,9.554933e-05,0.0007040584,6.809003e-05,1.8888948e-06,0.0003099068,3.3014287e-05,1.3188775e-06,0.038801193
4,8,Candidiasis,Lichen,0.00071153126,2.2017564e-05,6.155804e-05,8.673311e-06,0.019402923,0.015013696,3.253588e-05,4.5393175e-05,0.90673923,0.0006364776,1.0627515e-06,0.055128526,0.0016846354,3.2183286e-06,2.6819034e-05,2.9361654e-06,3.7071557e-05,1.2683059e-08,0.00011662775,4.0595046e-06,7.328836e-09,0.00032098687
5,6,DrugEruption,Eczema,1.542473e-05,0.00094656897,5.2542e-06,3.845081e-06,1.375937e-05,0.019788902,0.8314645,0.00027012973,0.0006954872,0.00014697712,2.6281912e-06,0.0011938529,5.8292488e-05,1.1481996e-07,7.867092e-06,0.0802422,0.05891867,4.7846487e-07,5.2323707e-05,0.006169268,2.805751e-06,7.5820793e-07
5,13,DrugEruption,Seborrh_Keratoses,2.09487e-05,5.3084972e-05,0.0008031481,4.1251442e-05,1.1183977e-06,0.00011537214,0.003423693,1.6474145e-06,1.05348845e-05,1.2048232e-05,0.000384815,0.0005087412,1.2521542e-06,0.98728114,0.00036405487,7.161108e-06,9.748538e-06,1.4790711e-08,0.0069508827,5.772734e-06,1.211231e-07,3.4225122e-06
5,19,DrugEruption,Vasculitis,6.4808995e-07,7.243189e-07,0.00024248309,0.000347854,5.9013455e-06,0.00795574,0.0009006562,0.00027011632,0.00011897417,6.48893e-06,0.00012818936,3.5432364e-05,6.6113967e-07,8.0471926e-07,3.4757544e-05,0.004495542,0.009004711,0.00022378017,0.00010463659,0.97606283,4.0868796e-05,1.8073762e-05
5,18,DrugEruption,Vascular_Tumors,3.7788916e-05,5.542522e-06,0.006380138,0.001474852,0.13196057,0.012718094,0.00026006927,0.0019634243,6.075233e-05,0.00010292842,0.006395489,0.1751994,4.6583937e-05,3.251672e-06,0.0009862817,1.1803609e-05,8.634014e-05,7.186983e-06,0.66137445,0.00040529587,9.053728e-07,0.0005188952
5,7,DrugEruption,Infestations_Bites,9.3184305e-09,8.308855e-10,0.0003290758,5.529743e-06,3.4679584e-09,0.031119911,1.3510105e-06,0.96847767,3.5641297e-06,4.5540983e-08,4.0863077e-09,1.7429936e-06,1.2712678e-09,5.288042e-10,1.7075329e-06,3.026355e-08,1.2958918e-08,3.2640635e-10,3.428093e-08,5.9299662e-05,4.151578e-12,2.7793198e-10
5,19,DrugEruption,Vasculitis,5.320107e-07,3.0741216e-05,3.3997876e-05,3.7408663e-06,8.1702265e-06,0.17445959,0.05641738,0.005399158,0.000109920875,0.00030780656,2.3433106e-06,0.0007080793,1.7944355e-06,3.4011375e-06,4.896338e-05,6.0216047e-05,8.452939e-06,9.3107053e-07,3.617185e-05,0.761978,1.1623208e-06,0.0003795152
5,11,DrugEruption,Psoriasis,9.45399e-10,3.4619752e-08,2.8711557e-07,1.4903019e-05,4.371133e-08,0.006682122,0.002801048,1.2351927e-05,1.0241406e-05,3.281512e-07,6.6296806e-08,0.9903548,1.629708e-07,7.216491e-08,7.325435e-05,4.5003153e-06,2.1564876e-05,1.5103844e-11,5.086142e-07,2.3551313e-05,2.524004e-09,3.8047823e-08
5,12,DrugEruption,Rosacea,0.011940307,0.00025375414,0.015078231,0.0024837912,0.00035194206,0.025515063,0.13301054,0.0019615577,5.8914837e-05,0.0044156034,0.0001846974,0.00020370222,0.6801991,0.00010296343,0.07208282,0.0046977527,0.022262182,4.5687893e-06,0.022061694,0.0029862854,3.9678078e-05,0.000104881525
5,3,DrugEruption,Bullous,8.693481e-07,3.8335315e-06,1.5068443e-07,0.99984777,3.2477192e-06,1.2493073e-05,4.9818427e-06,1.5530333e-07,2.6762453e-07,1.3764673e-06,3.5017926e-08,6.872029e-05,7.6249485e-08,1.7660211e-07,2.614402e-07,1.16948044e-07,1.7863869e-07,8.512737e-08,4.976057e-07,1.8466233e-06,5.2408934e-05,5.4136086e-07
5,4,DrugEruption,Candidiasis,6.131938e-06,0.01992979,0.00022334573,0.0028166324,0.48543376,0.30041188,8.250138e-05,0.0001769913,0.023896586,0.00013989006,4.90183e-05,0.00083228777,7.6888005e-05,1.228129e-06,2.1579306e-06,0.00013083058,0.0020723555,0.00010463032,0.00010665714,8.892203e-06,0.16344932,4.825199e-05
5,3,DrugEruption,Bullous,1.8187459e-06,0.021578213,2.0730567e-07,0.9746975,1.516471e-07,0.0036697693,6.68183e-06,1.5257748e-06,2.081509e-06,2.1802349e-05,3.715845e-07,9.145975e-06,8.612632e-07,6.520155e-07,3.0238934e-06,1.5949217e-07,2.2357146e-07,7.2283126e-07,2.0445071e-07,5.2098923e-08,4.766685e-06,3.5948e-08
5,20,DrugEruption,Vitiligo,6.085724e-07,0.00034193875,3.0676324e-07,4.160599e-06,3.6305378e-06,0.018856669,6.452902e-07,3.7017392e-07,4.5998084e-05,2.1340254e-07,1.6478492e-05,1.6698125e-06,6.832451e-07,8.780666e-09,9.975279e-09,5.528784e-05,3.7415793e-05,0.00036263908,6.562113e-07,1.0414445e-07,0.98027015,3.6933397e-07
5,20,DrugEruption,Vitiligo,2.9086936e-05,0.011837508,0.001388017,0.05595067,0.00037311894,0.012000635,1.1802582e-05,9.721766e-05,0.0002619304,7.451825e-05,0.017784297,3.3171127e-05,7.773875e-05,0.0023661973,0.0004082603,0.000118014505,1.1123265e-05,0.2533871,0.0005997728,0.00021465402,0.6426633,0.0003118248
5,1,DrugEruption,Actinic_Keratosis,3.0465844e-06,0.8581208,1.2567557e-06,2.5314526e-05,2.405303e-06,0.12020926,1.2812484e-06,5.0983917e-06,0.020344635,2.0920086e-06,4.530914e-05,7.354101e-06,3.819619e-06,2.0311202e-06,2.119176e-07,4.1721532e-06,6.685058e-07,0.000300872,3.700342e-07,1.6844318e-07,0.00091857737,1.2694532e-06
5,1,DrugEruption,Actinic_Keratosis,6.8732895e-09,0.9999244,1.1018609e-08,2.3002117e-07,2.2963419e-10,7.28183e-05,3.9911155e-10,1.12837274e-10,1.9963432e-08,7.3296974e-08,1.386075e-07,5.9020877e-10,1.04949024e-07,4.5935757e-08,7.178475e-08,1.559516e-06,5.773421e-10,9.1439574e-08,5.321257e-08,2.7984429e-11,3.1392767e-07,5.9023914e-10
6,19,Eczema,Vasculitis,1.638389e-07,3.2810092e-06,3.3031333e-06,1.1219842e-06,4.0129244e-06,0.00011719322,0.29736966,1.606755e-05,0.0021447747,1.3264917e-05,1.0281447e-05,0.0037370203,1.8366332e-07,1.3655066e-05,4.944283e-06,0.00013292162,0.051686954,9.995358e-06,3.010305e-05,0.64466214,1.356222e-05,2.5252672e-05
6,2,Eczema,Benign_tumors,0.07551897,7.140769e-05,0.51882815,0.0005753396,1.6413588e-07,0.0001074754,0.34146756,0.0063326485,1.5889083e-05,6.0248767e-06,0.0014398162,1.4133822e-05,7.411429e-05,0.008210728,0.0144200735,9.051444e-06,7.730811e-05,2.5273282e-08,1.1856375e-05,0.0050150226,1.0065843e-06,0.027803235
6,16,Eczema,Tinea,4.3396023e-05,0.01907022,0.00082695455,1.7945703e-06,5.7656365e-07,5.4003714e-05,0.046659786,0.00010825312,8.73159e-06,0.0030531152,6.377375e-06,0.34831816,0.0001487693,1.7279934e-08,9.29044e-06,0.02101095,0.5605461,6.025003e-11,0.00012878298,2.2731906e-06,1.8458695e-06,5.611745e-07
6,16,Eczema,Tinea,0.08201793,7.1896966e-07,0.001233284,8.654922e-05,0.0005206697,0.009932323,0.02401446,0.00064660824,3.049371e-05,0.0031069873,3.9518924e-05,0.0002333965,0.0018823969,1.093284e-05,2.9211378e-05,0.0005179962,0.86047196,2.4479561e-07,0.0033217347,0.01167288,7.1792306e-06,0.00022260487
6,11,Eczema,Psoriasis,2.025416e-06,6.072251e-07,1.34769725e-05,1.0053207e-05,0.034399707,3.796292e-05,0.073651984,0.0003550879,7.001704e-06,2.5620771e-05,5.7018286e-07,0.8892531,2.0657162e-06,8.055031e-08,0.00033571146,0.00010534762,0.0008369261,1.7819938e-08,0.00033289744,4.7163463e-05,1.2030501e-06,0.00058136194
6,5,Eczema,DrugEruption,0.00030877886,0.0005025334,3.8992548e-05,7.076523e-06,1.4382526e-05,0.56697047,0.15262674,6.440308e-05,0.21776599,8.5885804e-05,0.00010968296,0.007126043,7.294986e-05,2.3890783e-05,0.0004450883,0.0008445853,0.052123934,1.5305762e-06,0.00027569587,0.00050903566,7.999042e-05,2.3519192e-06
6,19,Eczema,Vasculitis,1.5026949e-07,0.00019988867,1.7356935e-05,0.0011701216,6.062919e-06,0.00019567732,0.0008890056,7.621285e-05,0.00029062835,8.740555e-05,7.052708e-06,4.6608955e-05,1.809507e-06,3.6881322e-06,0.0045605097,0.001000008,0.005150418,2.3053353e-07,0.00016834818,0.9847423,0.0013848381,1.6989735e-06
6,11,Eczema,Psoriasis,2.694049e-08,1.2727426e-06,1.5151903e-06,3.358663e-07,4.8192738e-05,2.1451496e-07,0.015086019,1.3022093e-06,5.075603e-08,1.1931456e-06,1.8941061e-07,0.98437494,1.3422172e-07,4.697495e-09,5.076339e-08,3.6905993e-07,0.00023901757,4.406821e-10,1.6284666e-06,1.6517491e-07,8.287511e-09,0.00024334576
6,3,Eczema,Bullous,2.6688085e-05,2.4370049e-05,1.9909367e-05,0.66450566,0.015903505,0.07310594,0.04495715,0.00998453,0.0055777696,0.00069235644,2.8711745e-06,0.00016634748,0.000100676,1.079098e-06,8.753253e-06,0.0020923829,0.16927542,2.3518069e-06,1.5354468e-05,0.012477901,0.00093275926,0.00012619857
6,0,Eczema,Acne,0.9970239,0.00031896302,1.3862641e-05,6.246526e-05,6.43097e-06,0.00023041888,0.00014826455,7.438172e-05,1.7419465e-05,4.569616e-05,0.00012768728,3.9795297e-05,3.5264613e-05,4.4621946e-05,2.810646e-06,0.0011436314,0.0001113276,2.117104e-06,8.067879e-05,5.133477e-05,4.7821486e-05,0.00037100635
6,18,Eczema,Vascular_Tumors,0.0008205028,8.674853e-06,0.12743422,0.005226432,0.0008987926,0.00053553504,0.00011166923,0.043227833,0.00065757136,0.0062057814,0.00011453433,0.014564098,1.4701806e-05,0.00042004013,0.001250143,7.3529656e-05,0.0018011915,0.0013972619,0.7892193,0.0037759654,8.581641e-06,0.0022336466
6,16,Eczema,Tinea,0.00052093924,9.107706e-06,0.0045495834,0.0031868755,0.015261739,0.05875683,0.005596994,4.803254e-05,0.003535876,0.2515404,6.3501434e-06,0.065928586,0.0006433642,2.5810397e-05,0.00062815635,0.0013338575,0.5837769,6.4906254e-09,0.0045778784,5.015806e-05,1.3190457e-05,9.355468e-06
6,19,Eczema,Vasculitis,5.180841e-07,4.1116618e-07,6.9900525e-05,3.486502e-05,2.567022e-07,1.7633114e-05,0.00093545316,0.00010496734,1.7961906e-05,2.9758462e-06,1.1643483e-06,6.753126e-06,2.7986576e-07,1.153518e-06,7.443768e-05,3.0462988e-05,0.00063405395,4.165675e-09,2.020299e-05,0.99804413,1.4749213e-07,2.1912108e-06
6,1,Eczema,Actinic_Keratosis,0.000105856525,0.6185744,0.09245951,0.0010664121,0.00014309472,9.571863e-05,0.002756569,0.00022856332,5.5892382e-05,0.0075335186,8.469782e-05,0.0009064329,0.00072624016,0.03095029,0.06329906,0.009720962,0.17038953,7.934683e-06,0.00017403909,0.00031269042,0.00010678103,0.00030176665
6,19,Eczema,Vasculitis,0.0006796454,7.8612116e-05,0.0062627336,0.0011230862,0.0004912053,0.0001221998,0.0003592246,8.793013e-05,0.00059861236,0.0283132,0.00039432867,0.0939435,8.0005804e-05,0.010451387,0.018650971,0.00011417735,0.0006881666,1.09549205e-08,0.00054699444,0.8359873,3.0861534e-06,0.0010236446
6,16,Eczema,Tinea,0.00017438651,0.0003451207,0.0029225394,0.000101464815,0.036071435,0.00043393252,0.005428558,0.000118966185,0.00012998022,5.130341e-06,5.0983188e-05,0.0011522865,0.00012038035,0.031328138,0.0013676463,2.8192268e-05,0.9196942,6.857489e-07,0.00023818087,0.00018120899,3.7969942e-06,0.00010268994
6,3,Eczema,Bullous,3.4106638e-09,1.5257019e-08,1.6047591e-06,0.9853699,1.3561277e-05,1.498612e-07,0.013888994,1.8295603e-05,4.128118e-08,1.3800115e-08,1.3369611e-08,1.0760565e-06,7.5139226e-08,5.191959e-07,5.9918244e-07,5.4524196e-07,0.0005913837,8.6818774e-11,3.2387343e-05,8.022766e-05,5.3069e-08,6.5191665e-07
6,11,Eczema,Psoriasis,6.1858696e-06,4.24983e-05,0.00023965343,0.000104559025,2.5306047e-06,9.099145e-06,0.020612136,0.00052339054,9.399611e-06,6.338436e-06,0.0011878411,0.97614336,1.6077796e-07,0.00061425706,1.8582961e-05,1.277469e-06,5.6279096e-05,3.0173017e-09,2.4756579e-05,0.00033873087,5.4965344e-08,5.8908816e-05
6,8,Eczema,Lichen,2.2404127e-08,0.00021395364,2.0365856e-06,2.164741e-05,6.9972552e-06,1.2045703e-05,0.000121356476,5.265887e-06,0.98653466,2.4708777e-05,1.5998067e-09,0.0007570616,3.8129554e-07,1.1412732e-06,2.7033184e-07,6.301062e-07,0.012262206,1.2694097e-09,3.2684447e-06,3.2285505e-05,1.3770778e-08,6.3754435e-08
6,11,Eczema,Psoriasis,7.040598e-10,8.5617525e-05,6.06468e-09,1.1654344e-10,7.997492e-08,1.5098005e-08,0.0007486429,1.5186006e-06,4.9783904e-07,1.2501034e-08,7.0939243e-10,0.99916303,1.0691595e-09,3.514213e-10,8.561646e-09,1.8308238e-09,5.6037214e-07,7.918637e-12,2.3707143e-08,3.2845233e-09,8.240086e-11,1.1838445e-09
6,8,Eczema,Lichen,0.00095905946,9.107832e-05,0.059458338,0.00038158847,0.0019740998,0.0016633644,0.0009884945,0.047446404,0.833607,9.996092e-05,0.0060839215,4.7812806e-05,3.4777238e-06,1.3939687e-05,4.7185607e-05,0.0046071038,9.45004e-05,7.188995e-08,5.455334e-05,0.042048603,4.627198e-05,0.00028319735
6,8,Eczema,Lichen,0.00014139473,0.0016378326,0.06874283,0.0007700743,0.12747146,0.00066011865,0.25466782,0.00029496764,0.5173927,1.963413e-05,0.00084132823,0.0014169705,0.00016531335,0.0016118283,0.0045823236,0.0049686152,0.005488292,0.0010130993,3.9633265e-05,0.0036005955,0.00068029016,0.0037928727
7,9,Infestations_Bites,Lupus,2.4209417e-05,3.0532833e-06,8.5642677e-07,7.5352436e-06,1.7490518e-05,0.0062622884,4.614627e-06,0.0018634016,0.00016296747,0.98720425,4.1922856e-05,0.0003817948,3.127473e-06,2.9336773e-06,1.0093618e-06,1.728674e-06,2.275339e-06,2.2129548e-06,1.1091571e-06,0.0040002326,1.0184865e-05,8.344458e-07
7,9,Infestations_Bites,Lupus,1.8291456e-07,0.016140617,3.566413e-07,4.3706896e-07,1.5438334e-07,1.4776537e-06,4.3579282e-09,0.00026113185,1.1846254e-05,0.97780186,0.0055902726,2.986313e-07,2.513854e-06,5.6373046e-05,0.00012325916,1.1262898e-06,4.532093e-06,3.2727772e-09,3.1842418e-07,3.1304726e-06,2.256928e-07,9.008962e-09
7,21,Infestations_Bites,Warts,0.0004195203,3.3921046e-06,0.039244533,1.630684e-07,2.477238e-06,9.2073e-07,6.190456e-05,0.0254214,1.1299708e-05,4.040979e-06,9.133067e-06,4.877189e-07,1.672119e-07,5.6570752e-06,9.676684e-07,1.4964542e-05,0.00040406344,1.0269947e-08,2.6770113e-06,4.9802775e-06,4.7094666e-08,0.93438715
7,16,Infestations_Bites,Tinea,5.1705516e-05,1.05283425e-05,0.18380092,0.05417178,8.4053056e-05,0.047732078,1.7270902e-05,0.02011633,0.28835046,0.0016362246,9.666774e-05,5.3982716e-05,6.841684e-06,6.0640534e-05,0.00085007725,0.00010922221,0.40062836,1.4403547e-06,0.00027442622,0.0018121203,4.0562612e-05,9.430496e-05
7,16,Infestations_Bites,Tinea,2.7841955e-07,7.629245e-07,7.854522e-05,1.7182408e-06,7.362508e-05,0.00050783635,0.00013727849,0.22747102,2.7549806e-05,5.8142205e-06,1.7372713e-05,8.459935e-05,2.708956e-06,2.3265976e-07,6.7806616e-07,3.0957126e-05,0.77135336,2.2825404e-08,1.2524772e-05,1.7434837e-05,4.1631862e-09,0.00017563446
7,6,Infestations_Bites,Eczema,1.3027184e-08,6.7280825e-10,2.278244e-09,4.489249e-06,2.0857194e-09,5.807606e-07,0.99997854,1.3242723e-06,7.328511e-09,1.3136159e-06,7.379077e-12,9.1504635e-06,8.966141e-09,1.8241714e-10,6.808735e-08,1.1727267e-08,4.1138187e-06,2.2918714e-14,2.0824894e-11,2.547333e-07,3.5520228e-10,8.2352244e-08
7,16,Infestations_Bites,Tinea,1.0819279e-07,4.2012118e-05,0.00026718347,1.7044391e-05,1.1873806e-05,1.8957014e-07,2.398002e-06,0.00013083585,2.1598498e-06,0.003778944,1.3054274e-07,1.0271133e-05,1.894038e-08,4.6048946e-08,6.159994e-07,1.6647954e-07,0.99573416,7.8635285e-09,8.185061e-07,7.66177e-07,3.2766658e-07,2.5165245e-09
7,17,Infestations_Bites,Unknown_Normal,8.637475e-05,8.738332e-05,0.0011742043,6.8344406e-07,1.0400363e-05,5.817738e-05,0.00010641129,0.4066525,4.486444e-06,0.00040964785,0.013515028,0.026007038,3.4179407e-06,9.616837e-06,3.7317484e-05,4.635413e-05,3.8662423e-05,0.55161935,0.00011068601,8.54532e-06,1.1787375e-06,1.2530883e-05
7,8,Infestations_Bites,Lichen,1.08551326e-07,9.553725e-05,0.0003540162,4.1720938e-05,2.1532874e-06,1.7464408e-05,1.1861454e-06,0.0012414752,0.99631655,0.00062375516,5.6976074e-05,8.061924e-07,1.4378303e-07,5.891416e-07,2.1691592e-05,1.3270974e-05,5.266092e-06,0.0010679306,7.588869e-07,7.5069687e-07,0.00013776572,1.3712128e-07
7,16,Infestations_Bites,Tinea,8.359946e-09,4.832942e-09,2.7556598e-06,0.0020828594,5.0124913e-06,7.708377e-07,3.6649322e-05,0.048400115,7.963362e-08,1.9480409e-07,5.983459e-08,0.004571815,2.5290408e-09,6.6184447e-10,0.00011901795,3.1008687e-05,0.9431218,6.9887434e-12,0.00024107675,0.0013851369,7.326649e-10,1.5612882e-06
7,2,Infestations_Bites,Benign_tumors,2.6159285e-07,1.3414106e-07,0.7734939,0.00018034215,3.3032438e-07,0.0010185606,6.055427e-08,3.7580274e-05,3.850595e-06,0.22289746,8.1675717e-07,1.0656937e-07,3.140442e-08,8.4876195e-09,3.9811228e-05,0.00012304507,0.0004994047,6.328256e-07,0.0016138171,1.0497712e-05,7.931298e-05,2.3074117e-08
7,9,Infestations_Bites,Lupus,1.6555574e-05,0.00010108414,0.115836725,0.03154874,0.00012255671,0.0034081396,0.21369179,0.0040492443,0.0030214821,0.22655717,0.0129510835,0.009882745,0.00026104087,0.0055997577,0.04050991,0.0038709308,0.17290728,3.704213e-07,0.033972852,0.11132139,0.009817557,0.000551581
7,15,Infestations_Bites,Sun_Sunlight_Damage,4.171798e-05,6.9419843e-06,0.0011734642,0.0004053629,6.1307687e-06,0.06512564,0.0003537945,0.02429436,1.39134545e-05,0.000104446386,0.0004086493,2.379324e-06,7.2962252e-06,1.2609862e-05,0.0005086366,0.57773274,0.18930256,8.802828e-07,0.00023973214,0.13952582,1.0974155e-05,0.0007220051
7,13,Infestations_Bites,Seborrh_Keratoses,3.1005155e-05,0.006551256,0.0008189211,5.9465696e-05,0.00018205788,6.376672e-05,0.02581304,0.011330427,0.0008399418,1.777192e-05,2.9600338e-05,0.025644166,6.2344e-05,0.74678797,0.117575794,5.7328016e-06,0.06333959,3.3628776e-06,8.924087e-06,0.00035165693,7.6745584e-07,0.0004824516
7,10,Infestations_Bites,Moles,9.435145e-05,6.4062624e-06,0.0050233873,4.159259e-06,7.414366e-05,0.000110162946,0.0036014942,0.031063193,0.00045161592,0.0014954625,0.9430271,0.0036307226,3.1534684e-05,1.0909794e-05,0.0036611934,0.00049496564,0.0069960183,4.100207e-06,8.517313e-05,5.7153145e-05,1.956063e-06,7.480546e-05
7,8,Infestations_Bites,Lichen,1.3576163e-05,0.0014553962,0.016168889,2.3667384e-05,1.6457853e-06,2.1935248e-05,1.0861143e-06,0.00016075428,0.9640012,0.0069761015,8.515798e-06,1.0784279e-08,1.1869673e-05,0.00022536296,0.00028437463,0.004794287,5.055368e-05,8.099232e-10,0.0037754497,0.001989932,3.3066888e-05,2.431376e-06
7,18,Infestations_Bites,Vascular_Tumors,1.3203864e-05,6.395279e-05,0.0015353876,0.00071837544,0.019864967,0.0799725,7.365493e-05,0.009608963,0.0011346726,0.00087222585,0.0005426806,0.0056623737,9.328711e-05,1.9061585e-05,0.038965575,4.7630587e-05,0.09325016,2.5895117e-05,0.7457698,0.0017478704,9.0630715e-07,1.6963395e-05
7,8,Infestations_Bites,Lichen,3.9835177e-07,0.0185923,0.00015419254,5.2260953e-06,0.00839035,0.03097394,0.012141903,0.0063111056,0.7503659,2.5249234e-05,0.00010785358,0.15591638,3.522407e-06,0.00016590315,0.0037986678,7.104091e-05,0.006638861,8.2560086e-07,5.6165838e-05,0.0062759905,6.421084e-07,3.5382209e-06
7,6,Infestations_Bites,Eczema,0.0025384747,8.970569e-05,0.015787894,2.2115719e-05,3.551077e-06,0.00015180666,0.7485463,0.003435922,0.017219523,0.00015418549,6.190439e-05,0.15999275,0.0014410227,1.5618705e-05,3.375404e-05,1.1085507e-05,0.050341908,3.3462433e-09,5.5449374e-05,3.681274e-06,7.397188e-07,9.261427e-05
7,17,Infestations_Bites,Unknown_Normal,2.4337238e-05,1.9636982e-05,0.0008687821,0.00084533764,0.00022958235,0.0012766665,0.0044103693,0.18852846,0.06165178,0.00065232866,0.019033618,0.017773824,1.0907999e-05,0.0023107515,0.0001587564,0.0013067517,0.030476555,0.6224923,0.0006985689,0.046459824,0.000107618886,0.0006631532
7,6,Infestations_Bites,Eczema,4.29351e-06,1.8514312e-06,7.91882e-06,2.3729292e-06,1.4135118e-07,2.7191929e-05,0.93880945,0.051462658,5.778059e-05,1.4402361e-06,1.4713681e-05,1.5805737e-05,1.7987162e-06,1.6648475e-05,0.0019697517,0.000112715585,0.0062199216,7.8702816e-10,6.5928966e-06,0.0004183527,2.2793982e-08,0.0008486355
7,2,Infestations_Bites,Benign_tumors,1.8582288e-05,1.3453132e-07,0.52035767,3.4841114e-06,1.4336887e-06,0.36588857,0.011649332,0.048733775,0.0010115921,2.784734e-07,0.0001369628,1.3991832e-05,1.9317935e-07,2.2365324e-05,4.074806e-05,5.319723e-06,1.0444835e-05,6.660113e-08,2.7622968e-05,0.051635403,5.0551343e-08,0.00044199213
7,9,Infestations_Bites,Lupus,1.8937306e-05,7.9317986e-05,5.3064437e-06,6.1230676e-05,3.7713748e-06,0.2103684,1.4302816e-06,0.17705977,0.00015402067,0.6034788,0.00047597964,1.8380873e-05,2.1811637e-05,5.44045e-07,0.00027120492,0.00012727111,0.00010389567,2.8115826e-07,1.816238e-05,0.007725776,3.3714159e-07,5.425779e-06
7,21,Infestations_Bites,Warts,5.4773776e-05,0.0004187028,0.022781484,0.00092116947,5.208865e-07,4.1661206e-06,0.042170692,0.18230307,1.1477141e-06,8.463964e-05,2.5128471e-05,0.00024296944,6.121027e-06,1.2624379e-05,0.0024419844,0.002129041,0.00044568302,8.837282e-08,9.1595764e-05,0.05228708,8.447163e-08,0.69357723
8,9,Lichen,Lupus,2.2250477e-08,5.166713e-05,8.3911544e-07,1.5198693e-06,8.200406e-06,0.0018405063,9.619832e-06,3.0145507e-05,0.41705516,0.52567935,1.4073655e-07,0.050615627,4.951329e-05,1.8272687e-05,8.542909e-05,1.9586162e-07,0.004512248,6.6229506e-09,3.5604653e-06,3.786918e-05,1.1924466e-07,1.1878356e-08
8,1,Lichen,Actinic_Keratosis,0.2751448,0.7217846,1.1619059e-06,1.3289297e-05,1.3633347e-06,5.740766e-05,5.5979704e-05,6.0761654e-06,4.7971927e-05,1.52524935e-05,6.614945e-07,2.7764568e-06,0.0028195262,2.3886862e-05,1.7656845e-05,2.9588643e-06,2.2067297e-06,1.9697743e-09,1.5762155e-06,1.4646582e-07,3.334303e-08,7.5372037e-07
8,7,Lichen,Infestations_Bites,0.012030071,0.0021863682,0.019376487,0.005460143,6.5983795e-06,0.00016891908,1.2538946e-07,0.6377929,0.061214115,0.25274104,0.0010574281,0.00015633863,1.6179373e-06,7.403943e-06,2.0815817e-06,2.2931546e-05,0.007491234,1.2759311e-05,4.3563472e-05,2.9303503e-05,9.933006e-05,9.91353e-05
8,21,Lichen,Warts,0.0017767675,1.5709936e-08,0.00046644546,5.0732204e-05,5.727891e-06,1.3313277e-05,1.52527755e-05,1.7031352e-05,0.003025576,8.587856e-08,3.3130974e-07,1.4197761e-05,5.8191385e-09,3.199988e-05,2.0906577e-06,2.7925697e-07,0.0024477036,2.4786657e-09,3.2125136e-08,1.7023133e-07,5.523933e-07,0.99213153
8,5,Lichen,DrugEruption,2.1492792e-06,1.1842519e-07,1.83441e-05,3.2811198e-07,5.5552882e-09,0.99973947,1.1990054e-08,3.1846622e-07,0.00014056911,6.1515046e-08,7.265286e-05,1.3267572e-07,1.5522588e-08,4.3733057e-09,1.3371242e-06,1.6527469e-05,1.669782e-06,5.7580095e-08,2.640679e-07,5.9331674e-06,2.1243332e-09,1.6940539e-09
8,6,Lichen,Eczema,6.243774e-05,1.5183372e-05,0.00033338828,0.026107531,5.9314378e-05,0.0005106579,0.3346903,0.3156991,0.13518392,0.023752246,1.6438075e-06,0.00020234226,1.640501e-05,1.0287675e-06,6.685231e-06,0.00010877917,0.15914077,7.133313e-09,0.0006567294,0.002818391,2.0795396e-06,0.0006311078
8,14,Lichen,SkinCancer,8.650673e-06,0.0014680783,0.00019315082,0.00010343934,0.011330184,0.00025199642,0.00064526824,8.552602e-05,0.44688144,2.36927e-06,0.00017306993,0.00051363744,1.9707544e-05,2.0272215e-05,0.5382754,1.0161311e-06,3.838959e-06,1.5125357e-08,2.3198993e-06,6.5205023e-07,2.6500058e-07,1.969845e-05
8,4,Lichen,Candidiasis,2.8900688e-06,7.47846e-06,1.8710125e-05,1.2694686e-05,0.9854661,0.0010566978,2.6295953e-05,2.2426086e-05,0.013020173,2.0969459e-05,1.2908442e-05,0.00014033665,3.357559e-06,7.605184e-07,9.070018e-06,2.422715e-06,2.2729064e-06,1.3248493e-06,4.9655587e-06,1.225529e-05,1.2974384e-05,0.00014298272
8,21,Lichen,Warts,1.7397479e-05,1.1354673e-05,0.10802508,0.0003757911,0.00012629834,1.392547e-05,0.043176793,4.960142e-05,0.030064536,8.214535e-05,0.00015469233,0.17292304,1.769337e-07,0.00024979567,3.2335905e-05,5.4444718e-05,0.018582555,8.912818e-08,8.5275005e-06,0.0008662021,0.00017394118,0.6250112
8,16,Lichen,Tinea,2.4646401e-06,7.2910325e-08,2.3933126e-06,4.2072603e-05,3.4351442e-06,0.00015347394,0.00023655403,0.0020792698,0.09329992,6.779202e-07,0.011742711,4.537406e-06,5.1180567e-08,5.137136e-07,0.00016401628,0.00026075123,0.89149284,7.513165e-09,0.0004749754,1.6918124e-06,1.0184813e-05,2.729054e-05
8,2,Lichen,Benign_tumors,0.00037023282,0.0034040199,0.9186232,3.105924e-05,6.221301e-07,7.4986733e-06,0.00019651979,0.000240369,0.012582749,6.65742e-05,9.8715944e-05,2.6601463e-05,2.7097778e-06,0.056564286,2.318363e-05,0.00027480943,0.0072857887,1.6711645e-06,6.501793e-05,1.787362e-05,1.0877032e-05,0.000105633095
8,16,Lichen,Tinea,0.002297737,0.00082711555,0.14903237,0.00011964762,6.25128e-05,6.1458e-05,0.00014456418,3.1295578e-05,0.36464113,0.005389609,4.6140674e-05,1.247857e-05,3.8487833e-05,0.0059860935,0.0009662594,0.0032250388,0.4664238,9.36477e-08,7.0462615e-05,0.00026180863,0.00026746927,9.43763e-05
8,2,Lichen,Benign_tumors,0.25805208,4.5153945e-05,0.4103237,0.0019125276,0.0004474632,0.0010264463,0.0044699195,0.0068330304,0.019312464,0.0027390413,0.0025093171,0.0011125872,0.00040412846,0.124832995,0.003298726,0.0076780664,0.112414055,2.4751618e-05,0.03891284,0.001798203,8.032047e-05,0.0017721705
8,11,Lichen,Psoriasis,0.00197077,0.0018844482,0.02331972,0.020198366,0.0031157602,0.023381924,0.005738789,0.057680257,0.14548673,0.2853872,0.0013547598,0.36705384,0.0002410084,0.0015481532,0.0018873105,0.0016809789,0.044388767,0.0008478541,0.0018851996,0.009557773,0.0012043044,0.00018613617
8,19,Lichen,Vasculitis,3.22556e-07,1.6027394e-05,1.8472152e-05,0.0011704604,0.0009966851,0.0005871953,0.00028493864,0.00047030396,4.338235e-05,3.267824e-05,4.216149e-07,3.4670531e-06,7.908443e-06,1.9245688e-06,3.2226496e-06,0.00021007896,0.0077205575,3.3557572e-07,1.4027285e-05,0.9884034,5.2711493e-06,9.058804e-06
8,0,Lichen,Acne,0.5064943,0.0001698634,0.00040034277,0.00044233177,7.630993e-06,0.0064905584,0.00022870408,0.0012031709,0.4757583,2.4773086e-05,2.7752387e-06,4.740949e-06,0.00016955218,0.00016349583,4.5255883e-06,0.001060513,6.2065315e-05,6.2318655e-08,0.00014276798,0.0071060583,6.5633844e-07,6.2850486e-05
8,18,Lichen,Vascular_Tumors,0.0203857,0.0008431067,0.00029902274,0.0019789725,0.012107368,0.000104655395,0.003154998,0.010150745,0.005364776,2.5572755e-05,1.7200202e-05,8.352489e-06,0.0008020643,5.1304745e-05,1.0099637e-06,0.00017616215,0.29894137,1.3967644e-09,0.4297688,0.00013045646,5.419817e-09,0.21568833
8,5,Lichen,DrugEruption,2.8386703e-06,0.013645455,4.9651076e-06,0.1357909,0.002612451,0.81380874,4.3977783e-05,7.975006e-05,0.0062419134,9.621601e-05,5.310916e-06,0.015745757,8.118033e-05,8.0670344e-07,1.5735035e-05,0.00010928791,0.011104713,7.039626e-06,0.00021546651,3.3002703e-05,0.00035400403,5.7725117e-07
8,5,Lichen,DrugEruption,2.3891148e-06,0.0068027847,0.00017978366,0.109515056,0.0003541352,0.87986827,2.2263307e-06,2.0192068e-05,0.0013574847,2.9551966e-05,7.638138e-05,0.00018680854,2.548807e-05,2.1488688e-05,1.6542357e-05,1.7837325e-05,2.8832945e-05,0.0013067427,3.2988795e-05,3.30381e-05,0.00010364415,1.835858e-05
8,1,Lichen,Actinic_Keratosis,2.7658784e-06,0.5840901,1.3420215e-07,0.00026528529,6.2335654e-05,0.00042370037,3.3486432e-07,0.00042862672,0.41418627,0.00037537358,2.530374e-06,3.5025303e-07,4.4735676e-05,5.515217e-05,1.4148419e-06,9.406987e-08,5.1952175e-05,1.6069372e-07,4.61624e-06,1.7027305e-07,6.276018e-07,3.1957045e-06
8,9,Lichen,Lupus,9.383414e-05,0.0001829841,0.0011368727,0.0016614774,0.01527038,0.002250275,6.081151e-06,0.01148697,0.10456995,0.8408151,2.1390264e-05,0.0025441933,5.81477e-05,8.659559e-06,3.834253e-05,1.15107705e-05,0.0069604013,5.286634e-05,4.558224e-05,0.008019337,0.0047609597,4.762174e-06
9,12,Lupus,Rosacea,1.339008e-07,3.0656352e-06,1.852187e-07,1.9451141e-08,3.803888e-06,3.9764444e-07,1.3488331e-07,9.34915e-09,5.305454e-05,0.008771826,1.4707071e-08,3.5678082e-07,0.9911582,1.7076333e-07,2.068643e-06,1.560781e-07,6.3840207e-06,9.309278e-12,1.5951562e-08,7.8495965e-08,2.2078792e-10,3.2030964e-10
9,8,Lupus,Lichen,2.6227874e-06,5.0251256e-05,1.3631989e-06,0.00034384118,0.00011484969,8.038925e-05,8.339869e-08,0.0022916582,0.8824832,0.113463394,2.6619288e-08,0.00048193915,3.8042435e-06,4.8968772e-08,2.7266507e-08,1.3540137e-08,0.0005916665,4.9162563e-09,1.2966293e-06,8.9379624e-05,9.46362e-08,6.629216e-08
9,8,Lupus,Lichen,2.236671e-06,0.0017751199,0.0287204,0.00013023414,1.4967523e-05,6.553132e-05,7.8850326e-07,0.0029081777,0.81138927,0.15145704,1.512864e-05,0.0015874077,1.7918402e-06,1.1940691e-06,5.0695044e-06,0.00059405004,3.988132e-05,3.933184e-08,2.495676e-05,8.693763e-06,3.4078855e-06,0.0012545529
9,8,Lupus,Lichen,4.496913e-06,0.23708813,1.1757093e-08,4.376983e-07,6.021234e-07,8.725399e-05,1.3851744e-05,4.445898e-05,0.7496836,0.0068008,1.3654399e-06,0.0057662902,4.3478235e-07,9.770785e-08,9.183439e-09,5.796705e-06,0.00016060821,3.8077022e-07,6.3516286e-09,1.34574565e-08,0.00034073892,6.568575e-07
9,19,Lupus,Vasculitis,0.005533615,0.0014329548,0.0038709175,5.1984072e-05,8.1576705e-05,0.014002284,0.00089957635,0.0076779067,0.0021595093,0.07622732,4.8321028e-05,0.0013375198,0.0023997063,8.075578e-06,4.7519374e-05,0.03251815,0.012204865,3.315954e-07,0.00031448045,0.8361637,1.6664873e-05,0.0030030063
9,8,Lupus,Lichen,0.032446254,0.0003182446,0.0015272434,0.02277644,5.9418027e-05,0.031065347,0.07279744,0.08519352,0.7374137,0.00069718086,9.619617e-08,0.0005282819,0.00090922846,0.00022809995,0.0005973042,0.00024403102,0.010862547,9.307478e-09,0.00020478555,0.0010613522,9.5123966e-08,0.0010693689
9,11,Lupus,Psoriasis,2.8435505e-08,4.9259766e-06,2.9726174e-05,1.3637703e-08,7.225671e-08,2.4056945e-07,3.8942733e-07,4.3927177e-08,6.024584e-05,1.5766207e-05,1.7089793e-08,0.99984765,9.303902e-09,3.0181275e-09,1.0870774e-07,1.2072437e-07,2.7932694e-05,1.180017e-05,5.7907755e-07,6.8980692e-09,2.7485032e-07,2.083083e-11
9,2,Lupus,Benign_tumors,3.7704142e-06,3.222127e-07,0.8594512,9.7434e-07,7.5450835e-08,3.1990072e-05,0.010736585,5.7035836e-06,0.00078304415,0.090133965,2.5374718e-05,5.061881e-05,9.422067e-08,8.1490245e-05,0.030640218,0.006916205,0.0011191918,1.814682e-08,6.3767793e-06,1.1019642e-05,1.497934e-07,1.564018e-06
9,16,Lupus,Tinea,8.743248e-08,2.0864843e-06,3.5157118e-05,3.408227e-05,3.3911216e-05,1.3627455e-05,5.2335855e-07,9.847972e-05,0.00038512822,0.27483088,1.0469513e-06,1.0814235e-07,1.0119172e-06,1.0494113e-08,1.3392308e-06,2.8140825e-05,0.7244853,4.003794e-10,1.5853274e-06,9.428207e-06,3.781518e-05,2.668014e-07
9,1,Lupus,Actinic_Keratosis,8.679422e-05,0.60849136,0.22064583,0.00027169398,0.00038429088,0.0004198638,0.0018885268,2.1522355e-06,0.028636308,0.010653471,9.129532e-06,0.0006812034,0.030171957,0.0006339407,0.08040123,9.236289e-05,0.013783165,4.881821e-07,0.0026861404,4.2981173e-05,4.3707328e-06,1.2805995e-05
9,5,Lupus,DrugEruption,1.9792588e-09,1.5796326e-08,6.5261406e-07,2.2557815e-08,1.1791613e-08,0.9779416,1.3367455e-05,8.876775e-06,0.022014275,6.5437257e-06,9.893704e-10,2.0637977e-07,8.288152e-08,5.000302e-11,1.55081e-07,1.3167437e-06,1.4843783e-07,2.3316954e-10,1.2821844e-05,4.792834e-09,4.3546913e-11,3.8160638e-11
9,1,Lupus,Actinic_Keratosis,6.588282e-06,0.56437945,0.0033767873,5.494032e-06,1.2900005e-05,1.2346651e-06,2.4976578e-06,9.059017e-06,9.635381e-05,0.4094147,1.5541718e-05,4.3729473e-05,0.00094785885,0.00064738945,0.01795683,7.871729e-06,0.003002999,7.467647e-09,7.024605e-05,1.5913215e-06,1.2472005e-07,6.94631e-07
10,16,Moles,Tinea,0.0006787473,0.0009775104,1.2193717e-05,0.0066442783,0.0046711615,0.027012104,0.0007527829,0.04664295,0.014657916,0.0027854487,0.0006030209,7.580524e-05,0.00080596324,0.007399098,2.4318351e-05,4.9048398e-05,0.8784762,0.00040940728,1.9312325e-05,0.0008810696,0.006369149,5.24475e-05
10,2,Moles,Benign_tumors,1.0538447e-05,0.08482357,0.91253436,1.7162197e-06,4.0889552e-07,1.0562292e-05,1.0271382e-06,2.7449448e-06,0.00041826704,1.08036475e-05,0.0010058687,1.321613e-07,9.251264e-06,3.6371668e-07,5.589331e-06,0.00046645373,5.1269362e-06,1.0092402e-07,0.00049022026,6.317737e-08,5.884034e-06,0.00019690373
10,3,Moles,Bullous,0.11034824,0.005228104,0.015579044,0.5654848,0.0002383231,0.01837707,0.01661058,0.112322226,0.004853172,0.020103015,0.004467163,0.04460328,0.0004656429,0.02023427,0.0030955102,0.00022946265,0.0088788355,0.00041215666,0.028627548,0.01131296,0.001255565,0.007272906
10,15,Moles,Sun_Sunlight_Damage,1.46506445e-05,9.6951735e-06,8.525725e-06,3.7213685e-08,1.8925521e-09,1.1324714e-07,2.2662025e-06,1.586759e-08,3.2109952e-08,1.290768e-06,1.3859037e-05,8.621038e-09,1.0161094e-07,0.00011369195,4.9324626e-06,0.9998217,4.3974364e-06,1.4349006e-09,7.964817e-08,7.346835e-07,2.327119e-06,1.5506732e-06
10,14,Moles,SkinCancer,0.00076912995,2.899784e-05,0.35829026,3.4030538e-07,4.070926e-07,1.0609493e-05,0.0025593396,2.0163118e-07,6.5021363e-06,0.0002717733,0.0033926268,2.9259043e-05,0.00015517912,0.00077278813,0.61130446,0.0076555586,0.00886456,5.4670544e-09,0.005682922,9.505233e-05,4.117209e-07,0.00010964565
10,21,Moles,Warts,0.00093999837,1.4168707e-05,0.005389873,6.1534496e-07,1.471663e-06,5.713061e-07,1.267756e-05,6.012989e-06,0.00031350632,3.0326479e-05,2.1622982e-05,1.1834126e-06,1.4697792e-08,0.0001495142,3.7552735e-07,4.9754344e-06,4.6264326e-05,0.00040281581,1.0653868e-06,9.959081e-07,2.782463e-05,0.9926341
10,2,Moles,Benign_tumors,0.0006120754,4.708902e-05,0.84726703,0.0012422352,2.184178e-05,3.6706344e-05,0.00019474905,0.00053476455,2.2707396e-05,0.00013097371,0.0020781464,0.00045889255,2.599233e-05,0.12450005,0.005518295,0.0001700888,0.00035468178,2.7397884e-06,0.0017214497,0.011415335,3.619685e-06,0.003640422
10,14,Moles,SkinCancer,0.00012343207,0.0016011334,0.1764941,0.00015240794,6.178464e-06,5.283929e-06,0.0007590561,4.0172243e-05,6.4080277e-06,0.00041773537,0.095837615,4.6339148e-05,0.00014619333,0.022422573,0.70100474,0.0003452918,0.00018249873,6.5711316e-07,0.00034714048,1.4620693e-05,1.1761061e-05,3.467135e-05
10,2,Moles,Benign_tumors,9.168432e-05,1.6108579e-05,0.46693102,0.007659402,0.0074245115,0.0013849051,1.29545615e-05,0.0022538688,0.0009848707,0.007981969,0.021934878,1.1591858e-05,2.726656e-05,8.016595e-05,0.30001682,2.5422405e-05,0.00023897983,0.00029855207,0.14604141,0.036331147,0.000121728466,0.0001306438
10,1,Moles,Actinic_Keratosis,1.0363122e-05,0.8534173,3.1353815e-05,9.390145e-06,4.2272745e-06,2.8163493e-07,8.209914e-06,1.8731327e-05,6.820546e-06,7.40514e-07,0.041678715,3.4329828e-06,4.916102e-07,1.1926321e-05,3.1781055e-05,9.6217955e-06,2.7853102e-06,1.0097686e-08,0.10184866,8.832673e-06,3.3806327e-08,0.0028963462
10,2,Moles,Benign_tumors,0.0025483756,5.826115e-05,0.5478006,3.3960732e-06,1.6750975e-05,0.009605067,0.003998432,0.00015099201,0.00028799183,4.6832433e-06,0.4287158,6.038572e-05,0.00052759174,0.00012816224,0.0027992541,0.00043326453,4.5081564e-05,4.537843e-08,0.0015950156,0.00017310394,6.929888e-07,0.0010469924
11,3,Psoriasis,Bullous,2.486101e-06,2.231753e-06,0.007713398,0.81754553,4.6942378e-06,0.0018686962,1.4192413e-05,0.0021380372,0.002736941,0.0032003482,0.00018036026,0.12964037,1.4839568e-06,0.0004314899,1.1907786e-05,5.8063524e-06,0.0029151482,8.024528e-06,0.00017239073,0.0004719348,1.5704702e-05,0.030918937
11,6,Psoriasis,Eczema,1.7436024e-07,0.00034106683,9.958444e-06,0.0059845108,6.5498654e-07,2.1402982e-06,0.7234998,5.419772e-06,4.9602327e-06,2.295178e-06,3.6540382e-07,0.2686202,2.7681194e-08,6.525998e-05,4.092979e-06,1.1872999e-07,2.937723e-06,7.2258426e-06,9.324959e-06,3.8478243e-05,2.9225854e-08,0.001401
11,6,Psoriasis,Eczema,1.3980895e-07,5.130677e-05,1.129814e-07,0.0040853964,1.1490275e-05,2.4456206e-06,0.9435177,2.2460616e-05,4.0926083e-05,2.1622059e-08,3.267073e-08,0.04450336,6.9395213e-07,6.319932e-06,2.5983158e-05,2.231909e-07,0.0039110254,3.995422e-10,5.922112e-05,0.0037603804,1.0525271e-09,7.2094673e-07
11,6,Psoriasis,Eczema,1.090325e-07,2.2277687e-08,1.5232104e-08,1.5175043e-07,2.5094868e-08,9.861983e-07,0.9740519,6.3488294e-08,5.662518e-06,6.487024e-07,3.54985e-07,0.025935803,1.3900264e-08,1.0442079e-08,2.6251886e-08,3.611187e-08,3.7034442e-06,6.699767e-12,3.080246e-08,2.4413333e-07,1.1803748e-09,2.700691e-07
11,19,Psoriasis,Vasculitis,5.922427e-05,7.51116e-06,0.40301225,2.7515796e-05,1.885092e-05,0.025715316,6.1614744e-05,0.00013612198,0.0066070016,0.010204596,5.1949184e-05,0.076619126,9.585423e-08,2.9561243e-05,1.0590712e-06,0.002194815,2.064498e-06,8.708284e-09,2.4330302e-06,0.47519198,2.195107e-05,3.4901455e-05
11,5,Psoriasis,DrugEruption,0.0016413516,5.19331e-06,0.018596243,0.003403924,0.00030014984,0.8872371,1.4181103e-06,0.0033494513,0.04643097,1.872942e-05,0.0024500843,0.017675238,1.9800677e-06,0.00050750806,3.457447e-05,0.00014541051,0.01814211,1.4339537e-06,1.8253326e-07,1.1144284e-05,3.1603024e-05,1.4290671e-05
11,8,Psoriasis,Lichen,3.812227e-09,7.074835e-08,1.0080065e-10,6.7565447e-09,1.12958265e-08,4.8991275e-08,1.1732809e-07,1.0999341e-06,0.9999727,1.2177459e-08,2.6315203e-10,2.57305e-05,6.888603e-11,1.1639971e-09,2.4249544e-10,2.3699633e-11,1.4969113e-07,6.639096e-12,2.9006691e-10,9.076023e-08,7.1002554e-10,2.3365097e-09
11,5,Psoriasis,DrugEruption,0.0006417102,0.01265233,0.0014838519,0.0050804988,0.008178721,0.29345462,0.12420388,0.06616207,0.03301262,0.002466168,0.0008964731,0.05043803,0.0036348742,0.0003314159,0.0009801458,0.20888105,0.13041851,0.0018283935,0.0057901856,0.029420728,0.0012176314,0.018826043
11,19,Psoriasis,Vasculitis,9.505444e-05,0.00040818617,0.0005806078,0.0071596997,0.0054785185,0.012065345,0.024737008,0.034532174,0.030422421,0.027538363,4.9745748e-05,0.3569148,0.00019506193,0.00013043464,0.00040109165,0.0014945432,0.09771332,9.891631e-07,0.00037689714,0.39921016,3.8561335e-05,0.00045701908
11,6,Psoriasis,Eczema,9.1738565e-07,5.217775e-06,9.291007e-06,0.00050539174,4.421818e-05,0.0017397876,0.52432233,2.6084472e-05,0.008251683,2.0851185e-05,0.00025349695,0.41907176,1.1810905e-06,6.5507816e-06,2.3420475e-06,0.0016415634,0.040529665,1.1067466e-07,2.8792247e-06,0.00235579,0.0010787192,0.0001302255
11,5,Psoriasis,DrugEruption,1.2882243e-05,9.860184e-05,0.041700736,0.00029048085,0.03682646,0.43305308,0.117178775,0.09757558,0.13544632,0.00018897797,6.703567e-05,0.013343658,0.00011637299,0.0001563705,0.0024562217,4.217545e-05,0.054094065,1.2636572e-05,0.05258597,0.014692194,4.109874e-05,2.0332125e-05
11,5,Psoriasis,DrugEruption,3.2783984e-05,0.00019250336,0.04236325,0.000698618,0.0024674258,0.53325534,4.6205238e-05,0.002573999,0.39711326,0.010393062,6.6339157e-06,5.5502546e-06,4.7498503e-05,0.00010764094,0.0037715072,0.00022780318,0.00017147367,7.9108844e-08,6.96873e-05,0.006453522,6.3139106e-07,1.6165014e-06
11,15,Psoriasis,Sun_Sunlight_Damage,0.0019148219,0.0040475396,0.3042484,0.0001126102,5.4560705e-06,0.0014753492,0.023391105,0.011777642,0.0020186836,0.07610918,0.007473652,0.0004454351,0.0037141014,0.0038214582,0.07023571,0.46920723,0.018034963,2.674126e-06,0.0014234743,0.00021029841,2.4739256e-05,0.00030544825
11,2,Psoriasis,Benign_tumors,0.0004966869,6.831891e-05,0.79581547,0.0009381406,2.7215794e-05,0.0048251892,0.0011824972,0.00016256787,0.004158762,7.668135e-05,0.0033420543,0.16487777,7.3543004e-07,0.0012051774,0.0005930792,0.017420774,0.0033366038,2.4065365e-08,1.2052151e-05,0.0005556474,0.00084233726,6.2259554e-05
11,6,Psoriasis,Eczema,5.191372e-05,1.9973763e-06,4.598345e-05,1.3845817e-05,3.696537e-05,2.4033696e-05,0.4003136,0.00022794532,0.049863063,4.3303328e-07,7.50439e-05,0.18359654,3.7652086e-07,0.00028160462,6.3647367e-06,8.091639e-05,0.07861512,8.27064e-08,1.5218196e-06,3.038801e-07,1.917036e-05,0.28674325
11,6,Psoriasis,Eczema,9.0236466e-07,1.4544182e-06,1.2697566e-05,2.744914e-07,9.604664e-06,1.771523e-05,0.7738877,1.8173112e-05,1.7536817e-05,2.3960513e-06,4.29582e-06,0.20591612,9.831011e-07,1.0590982e-06,1.1608009e-05,9.039529e-05,0.019990752,3.2781728e-08,2.370545e-06,9.301014e-06,3.2005153e-06,1.4475685e-06
11,4,Psoriasis,Candidiasis,2.7304206e-06,0.0021336644,4.1903336e-06,3.1491592e-05,0.43585283,3.2687163e-05,0.0086157825,1.6343824e-05,0.0027336138,4.453474e-05,1.0495005e-06,0.21130703,0.0005875375,3.304422e-05,2.343965e-06,3.1728898e-05,0.33808705,2.2702807e-08,9.288699e-05,4.416813e-06,1.18391e-06,0.00038385068
11,14,Psoriasis,SkinCancer,3.5886325e-05,2.4565238e-06,2.289353e-05,1.7654327e-07,2.7886141e-08,0.11514216,0.004754506,0.0002784663,0.0056401743,4.8555607e-06,4.73753e-06,0.00012710024,5.0447344e-08,1.0220114e-05,0.87390566,3.6738935e-08,6.364355e-05,2.2006319e-10,3.041188e-06,3.9250194e-06,6.6956835e-10,1.2096935e-07
11,9,Psoriasis,Lupus,9.371384e-05,7.095316e-05,0.046322376,0.0005151338,2.7000115e-05,7.402403e-05,1.2799045e-07,3.017215e-05,1.3474108e-05,0.8394889,0.010172677,0.0005023166,2.455347e-05,1.5261271e-06,0.00042177583,0.0015322156,0.0937466,4.2914626e-06,0.0062909806,0.00011507481,0.00013841873,0.00041366077
12,0,Rosacea,Acne,0.9544485,0.0004876145,9.853221e-06,4.1644787e-05,0.00034567536,0.00025266898,0.00293285,9.1421054e-05,3.6777827e-05,3.7049103e-05,5.4634816e-06,0.00042976733,0.04050876,2.0157757e-05,3.7220725e-05,4.515479e-05,3.613503e-05,9.208141e-07,6.3428866e-05,4.4634357e-06,1.7175058e-06,0.00016267315
12,0,Rosacea,Acne,0.31912968,0.053501133,0.00048531254,0.012321991,0.00054820214,0.22740693,0.0001936606,0.03676417,0.2401503,0.053210244,0.0002794082,0.0006613718,0.018440282,0.0036594276,0.00024358196,0.0029453805,0.00013343307,0.020600595,0.0037230437,0.0028790545,0.00019178078,0.002531003
12,15,Rosacea,Sun_Sunlight_Damage,5.955492e-06,2.3885528e-05,0.067421466,7.3877675e-07,4.5988754e-06,0.00070564525,0.011741748,0.00012616166,0.00011263507,0.00013475383,2.312386e-05,7.4634554e-05,0.14294755,8.952956e-06,0.00056467263,0.77604336,9.50882e-06,4.6140887e-08,1.109897e-05,3.3864948e-05,2.097903e-07,5.3722065e-06
12,9,Rosacea,Lupus,3.0932765e-06,0.00057951995,2.434313e-07,4.3646426e-07,2.8065958e-06,0.00023021712,0.00012397821,1.731757e-06,0.0007205251,0.54287016,2.3527411e-07,0.00012153702,0.45522267,1.8969354e-07,1.9934805e-05,2.0989954e-05,2.6261e-05,2.394257e-06,2.430199e-06,4.7256726e-05,3.4099457e-06,1.335101e-09
13,10,Seborrh_Keratoses,Moles,1.8421577e-05,8.7594075e-05,0.0022410434,1.7338942e-05,2.915538e-07,2.3371866e-05,0.0010451635,5.247959e-05,1.2880096e-05,1.9356825e-05,0.6537598,6.924136e-05,1.1034799e-06,0.33988154,0.0012162075,7.898311e-05,4.617484e-06,5.7509924e-06,0.0012174638,0.00010268863,4.224717e-06,0.00014052144
13,10,Seborrh_Keratoses,Moles,4.1111832e-08,9.4016997e-07,0.0010546413,6.249541e-07,5.2264646e-09,7.5456896e-08,5.170301e-07,1.3978911e-07,3.666467e-07,1.331316e-07,0.9854204,4.3455336e-07,1.1357616e-08,0.0134797795,6.5722666e-06,1.697884e-07,1.5552295e-08,8.2575134e-08,3.383211e-05,9.2101644e-08,8.370721e-08,1.0611176e-06
13,14,Seborrh_Keratoses,SkinCancer,1.1588548e-06,0.0020381263,1.5696818e-05,0.0015386193,3.772892e-06,1.0470823e-05,0.0074605662,0.04587891,0.0033827727,1.5293617e-06,0.00060890254,0.03329507,6.4204664e-07,4.5304546e-06,0.88925487,0.00011523714,0.0151733,2.2399982e-09,4.2008945e-05,0.0010931207,3.0308593e-07,8.03971e-05
13,10,Seborrh_Keratoses,Moles,3.765488e-05,0.00018653464,4.2915755e-05,1.0510501e-05,2.242221e-05,3.4162862e-05,0.0010838128,0.00015674392,7.717744e-05,8.9836885e-06,0.40854234,0.00035168658,1.5571422e-05,0.18936469,0.39756316,0.0021107977,0.00014691219,1.9313184e-06,3.8104703e-05,0.00014939232,1.576061e-05,3.8709415e-05
13,11,Seborrh_Keratoses,Psoriasis,0.0003083504,0.01661428,0.009208246,0.00010142158,0.13985294,4.847663e-05,0.055024147,0.0024430272,0.0023279872,0.00045855256,5.9738046e-05,0.61818177,6.6321976e-05,0.004487148,0.0722132,7.113281e-05,0.064715594,5.252432e-07,0.0011418327,0.005271618,4.1628773e-05,0.007362053
13,2,Seborrh_Keratoses,Benign_tumors,3.5495813e-07,0.030561978,0.8349282,4.996333e-06,1.2492018e-07,1.4105726e-06,3.038893e-07,3.2973567e-05,1.3975814e-06,3.7260466e-07,1.9949626e-07,2.3680151e-07,2.6442992e-06,0.13425256,3.278845e-06,1.2258844e-06,3.296775e-05,9.183512e-08,3.440741e-06,1.6740863e-07,5.057552e-08,0.00017099146
13,0,Seborrh_Keratoses,Acne,0.43771774,0.00092061504,0.010777827,0.00016558536,0.00037740858,0.0009910124,0.0055979076,0.00058473,0.006314738,0.00043538626,0.06351282,0.000116625015,0.0006577294,0.42654088,0.006001576,0.013542441,0.0019690676,2.5002557e-05,0.00484352,0.017327469,0.00041152866,0.0011683615
13,6,Seborrh_Keratoses,Eczema,2.0601934e-05,0.0028405106,0.0011448391,7.261753e-06,1.2918417e-05,4.0643652e-05,0.5633275,2.398074e-05,0.00082251144,1.5569736e-05,3.7243968e-05,3.8724018e-05,3.2962453e-05,0.3863289,0.0003990061,0.024808431,0.011448111,1.404964e-08,0.0076535232,0.00096592767,2.5926975e-06,2.8143264e-05
13,2,Seborrh_Keratoses,Benign_tumors,3.5725432e-05,0.041310158,0.9310214,0.000102999344,3.262681e-08,1.6591844e-07,7.593445e-08,2.8228547e-05,6.687011e-05,1.5622847e-05,5.8193575e-05,2.8792005e-07,3.5017968e-07,0.012676425,1.4363851e-05,2.549054e-06,2.4065948e-06,2.0797213e-08,2.1804848e-05,6.5016614e-08,2.8710542e-07,0.014642064
14,15,SkinCancer,Sun_Sunlight_Damage,0.0024698402,0.124328114,0.36532658,0.00015824487,3.258035e-06,0.0016548452,2.5217556e-05,0.0017474339,0.00030519866,3.799851e-05,0.00014126724,4.1818177e-05,0.000266724,0.0029947904,0.00010835117,0.47074923,6.988835e-05,3.9843635e-05,0.028959302,0.00017868825,9.110988e-05,0.00030223504
14,2,SkinCancer,Benign_tumors,1.0911107e-06,6.262538e-07,0.8275567,0.0010281954,0.00032207512,1.0645339e-06,8.315367e-07,0.00011243655,2.7383382e-07,6.868004e-05,2.9356404e-05,1.8648466e-07,4.4742023e-06,4.704175e-06,0.12143941,2.5479771e-06,0.010525925,6.38287e-09,0.03731492,0.0007773115,4.6842947e-09,0.0008091568
14,15,SkinCancer,Sun_Sunlight_Damage,0.18515787,0.05567041,0.023242645,0.0004361041,0.00064623274,0.0024306497,0.006367691,0.000664082,0.081252255,0.00015699404,0.19364232,0.0045107077,0.0002541731,0.0064309314,0.022037579,0.19502157,0.00016733866,7.464922e-06,0.028364243,0.0025425965,0.00020580758,0.1907903
14,2,SkinCancer,Benign_tumors,3.1946317e-06,1.4423714e-06,0.99903023,1.6943228e-06,1.5320921e-08,1.10068314e-07,5.127297e-05,2.550075e-07,1.6632735e-06,1.1160024e-06,2.9850014e-05,2.3455927e-05,2.1468718e-06,2.66896e-06,0.00079812383,1.1879121e-05,3.5802426e-05,7.285196e-11,2.6063904e-06,2.1703831e-06,7.619717e-08,2.0609093e-07
14,7,SkinCancer,Infestations_Bites,0.0021831293,0.053218786,0.0034813418,0.00027675426,0.012758872,0.035849627,0.11026499,0.26473415,0.00020143503,0.008265486,0.002504505,0.00016881886,0.0037562938,0.0002385951,0.23073995,0.24940073,0.000515388,0.0018701968,0.0012613336,0.017159142,6.8195695e-05,0.0010823053
14,2,SkinCancer,Benign_tumors,0.002427358,0.38152578,0.60640395,1.601754e-05,2.5324432e-06,1.0768692e-05,1.7420839e-06,0.00031767067,7.5620737e-06,0.00030791486,9.9394465e-06,2.68791e-07,9.299172e-05,0.0032903913,0.0003123102,0.0001928212,2.891299e-05,3.716628e-07,0.0049576103,1.6247062e-05,2.7757366e-07,7.660409e-05
14,18,SkinCancer,Vascular_Tumors,0.106520385,5.458462e-05,0.03764662,1.3991036e-06,6.4890475e-07,8.160775e-05,0.00027801952,1.0507662e-06,0.00092084456,0.00072954304,0.00010594206,1.9628229e-07,0.0029256984,1.3748546e-06,0.005812567,1.9684581e-05,0.00015266806,6.416316e-11,0.844743,3.454384e-06,1.2918334e-08,6.0690445e-07
14,2,SkinCancer,Benign_tumors,9.3380335e-09,5.3531337e-05,0.55877066,5.5485547e-05,9.0315655e-07,7.6167584e-05,2.7620383e-06,3.9619593e-07,0.008048592,3.9705687e-05,7.1841055e-06,0.001005967,1.6035718e-06,2.984336e-05,0.43079963,4.5149194e-05,2.5280964e-05,2.2208654e-08,0.00013793286,0.00089699007,2.1693136e-06,1.1807307e-08
14,13,SkinCancer,Seborrh_Keratoses,0.00012318342,0.109105065,0.00023652827,1.0574552e-05,2.4743345e-05,3.8077444e-05,0.0016374525,8.979973e-05,3.620591e-05,0.000122042744,0.010274991,0.015406481,7.614869e-05,0.73066294,0.1302589,0.000793738,0.00094040454,1.9043936e-06,0.000108710316,3.6420344e-05,6.1199644e-06,9.633309e-06
14,1,SkinCancer,Actinic_Keratosis,1.1451205e-05,0.90571684,0.00034822684,7.797245e-05,0.00013118178,9.52654e-06,0.00024302906,0.0013508989,1.146248e-05,0.00034988977,0.00015547898,0.00096767873,1.6340391e-05,7.562533e-05,0.037980795,1.926476e-05,0.0016161014,4.8011646e-07,0.05065231,3.6101883e-06,1.2261225e-07,0.00026170543
14,2,SkinCancer,Benign_tumors,0.0002153706,5.8109792e-05,0.4238348,3.1120217e-05,1.885598e-06,2.3482742e-06,0.0002794582,1.4206781e-06,0.0001283372,0.20046532,0.000347188,0.00079845515,0.0003199712,7.612754e-05,0.35832822,8.8254166e-07,0.015056737,7.162555e-11,1.6236272e-05,4.296267e-06,2.2391656e-07,3.3468703e-05
14,13,SkinCancer,Seborrh_Keratoses,0.0005788828,0.00054046087,0.010888178,0.000251967,0.00045627228,0.000103566694,0.0092066005,8.213994e-05,0.0008246634,7.678015e-05,0.30789378,0.00017718198,0.00016516908,0.6332953,0.0295937,0.00070058584,0.00018440747,2.4166477e-06,0.0002093394,0.00066234724,0.0001781797,0.003928095
14,16,SkinCancer,Tinea,0.0001661527,0.2930308,0.015215368,4.301055e-05,0.00015939452,0.0002686248,0.030017752,0.010699695,0.00019832893,2.70841e-05,1.3830882e-05,0.0010012387,0.004902654,1.9469954e-07,0.08027718,0.060421612,0.38629124,6.9447815e-08,0.11705106,0.00021153371,2.4820188e-06,6.458508e-07
14,6,SkinCancer,Eczema,3.3287105e-08,4.252022e-05,5.806182e-06,7.6148626e-07,2.8343783e-07,3.463459e-05,0.9638758,0.0007731502,2.3189139e-07,3.465504e-07,4.44232e-07,0.034582995,3.8683524e-08,7.4078673e-07,6.3803104e-06,3.205199e-05,8.685179e-06,0.00027059438,6.653051e-06,0.00035777182,3.0171539e-09,4.5219412e-08
14,15,SkinCancer,Sun_Sunlight_Damage,1.13944225e-05,5.079814e-05,0.045287028,0.024710597,4.4031917e-06,0.31438592,7.831739e-05,0.0010816058,7.548817e-05,0.0001423383,2.0080775e-05,6.0740867e-06,4.4688804e-05,8.6725083e-07,0.0013671769,0.56226754,0.04450359,1.50991e-07,2.9989831e-05,0.0059308135,8.571209e-07,2.7718838e-07
14,18,SkinCancer,Vascular_Tumors,1.6118946e-06,1.2050207e-06,0.01021373,0.00010025123,5.2895703e-06,7.0917787e-07,2.1721586e-08,0.0012721579,4.3570326e-06,0.00013831201,2.6834263e-05,5.4158323e-07,1.617064e-07,1.5893505e-06,0.0006349955,1.1054916e-06,1.0357079e-05,6.219993e-07,0.98744816,3.3937413e-05,3.5135567e-08,0.00010407739
14,10,SkinCancer,Moles,1.325433e-05,0.010342291,0.009529499,7.425808e-06,0.0009766427,5.1389143e-05,0.0006850919,3.0304589e-05,0.00021714391,0.001548656,0.8246163,0.0003390619,0.00012384764,0.0019390214,0.14547245,0.0033751258,4.7784873e-05,3.5751555e-07,0.00048771678,0.000103865365,4.6929996e-05,4.584492e-05
14,10,SkinCancer,Moles,1.19104214e-07,1.10517895e-07,5.368563e-07,1.6069457e-08,4.794307e-08,8.32964e-08,9.205456e-07,2.4686054e-07,1.172457e-07,2.0035339e-08,0.999915,6.620502e-07,1.1877316e-08,5.067923e-06,6.3623535e-05,1.213863e-05,1.2796711e-07,3.4543e-10,1.9449878e-07,9.36845e-07,6.2114225e-08,4.674198e-08
14,21,SkinCancer,Warts,4.3142013e-06,3.499771e-07,0.009465843,1.38209225e-05,1.4544331e-07,7.025637e-08,4.8750342e-05,3.3061555e-05,1.5132923e-06,3.9456978e-07,8.331789e-06,6.698816e-06,1.5221678e-08,4.6554686e-07,3.7772177e-05,3.0138139e-05,3.2432526e-06,2.1435217e-10,6.059242e-05,3.3631008e-07,3.6536505e-08,0.990284
15,2,Sun_Sunlight_Damage,Benign_tumors,0.011282638,6.49447e-05,0.88902843,7.240228e-07,6.469492e-08,3.0251747e-06,0.00034053734,1.8065624e-06,3.1857115e-05,1.5904255e-06,0.00021193897,3.0964654e-06,7.826091e-05,0.00013812626,2.0700918e-05,0.06314216,0.03377511,3.4580944e-10,0.00059448223,4.0944702e-08,3.1982773e-07,0.0012801416
15,16,Sun_Sunlight_Damage,Tinea,0.00036841762,0.00022220862,0.0019808393,4.449683e-06,1.5409145e-05,9.3516515e-05,0.020039069,0.00015626398,0.00045070727,2.339209e-05,0.0031926213,1.7357597e-05,0.00016940375,3.088405e-06,0.004575816,0.013780626,0.942286,3.9918268e-07,0.012450958,6.191726e-05,7.926221e-05,2.8251194e-05
15,10,Sun_Sunlight_Damage,Moles,2.2180103e-07,1.0789585e-05,2.5327173e-08,5.086749e-11,1.0056128e-10,3.031935e-09,8.2422785e-10,2.6418451e-08,2.7321958e-09,2.3669007e-09,0.9999832,1.5257677e-10,5.516114e-09,8.536422e-09,3.9359977e-09,7.010057e-08,1.6557125e-10,1.2597487e-10,2.5815752e-06,8.0389323e-10,2.0046345e-11,3.0154138e-06
15,10,Sun_Sunlight_Damage,Moles,3.941042e-06,1.7514118e-08,0.0017209956,1.2527215e-06,8.013461e-08,1.6917258e-07,4.537892e-05,1.2387007e-06,6.405254e-07,5.7389578e-08,0.996924,6.0231787e-07,7.636656e-09,8.869797e-06,5.327812e-06,0.0011964998,9.760587e-07,3.84543e-11,1.8199355e-06,4.318278e-06,2.5041362e-07,8.3467465e-05
15,19,Sun_Sunlight_Damage,Vasculitis,0.00022819176,0.0013013083,0.026820015,0.0004973084,7.229314e-07,0.20115472,0.18219578,0.023596717,0.14814499,6.1143146e-06,0.015540567,3.9301653e-05,4.0257705e-06,0.00034615185,0.0022888724,0.03175499,1.5430664e-05,1.1872179e-06,0.0003444929,0.3653137,1.7879163e-06,0.00040365508
15,10,Sun_Sunlight_Damage,Moles,7.49106e-07,3.2318475e-09,1.0800276e-05,1.18346e-08,4.3362203e-09,7.366855e-08,6.1794145e-07,5.8630935e-08,0.001304566,3.789079e-07,0.99865144,2.0835137e-07,2.5640734e-09,9.816514e-06,1.4263463e-05,3.0441247e-06,3.405795e-07,2.106597e-08,3.1643835e-06,9.073921e-09,3.6336326e-07,3.280146e-08
15,12,Sun_Sunlight_Damage,Rosacea,7.970209e-06,1.3623669e-06,1.2045202e-06,4.2907016e-09,1.9742893e-06,6.004195e-05,0.00019104326,1.9557325e-05,3.728443e-06,1.9827114e-05,1.7584637e-07,6.234016e-07,0.99939704,6.192476e-08,1.8826158e-06,0.00029023198,2.9073833e-06,3.5599808e-09,2.3668065e-07,1.9056378e-08,4.4728194e-09,2.8542045e-08
15,16,Sun_Sunlight_Damage,Tinea,0.0001711475,2.9595632e-05,0.00021893607,5.577891e-05,6.3250673e-06,0.07073154,0.0009814252,0.0642774,0.000757366,0.0013550657,0.002017608,0.30308807,0.00012574767,1.1384594e-06,0.004159551,0.0062575974,0.4395256,7.206531e-07,0.08980978,0.00079903676,6.158851e-08,0.015630571
15,19,Sun_Sunlight_Damage,Vasculitis,4.5401307e-06,0.0002582075,4.01135e-06,0.00062586984,5.862766e-06,0.13869861,0.28581008,0.026999028,1.16851725e-05,9.0651716e-05,7.158128e-06,0.0012380516,2.5934482e-05,1.7504039e-05,0.0013029161,0.003715958,0.0019994427,6.330686e-08,0.0008195732,0.53783184,4.2653525e-07,0.00053265097
15,1,Sun_Sunlight_Damage,Actinic_Keratosis,0.00023406038,0.74970895,0.0003801563,9.6542e-05,2.3336263e-05,0.005922612,0.0017752632,9.697818e-05,0.01659531,0.0007822359,5.267873e-05,0.00382139,7.915257e-05,0.00026036572,1.0892871e-05,0.2066692,0.00019471058,8.61214e-06,5.0719904e-05,0.0031374309,0.009147942,0.0009513988
15,6,Sun_Sunlight_Damage,Eczema,9.4784955e-06,0.057037156,7.533062e-08,4.506514e-06,3.5387623e-06,0.00012821193,0.9383291,6.9359116e-06,2.465883e-06,6.5691565e-06,1.7338198e-07,3.6179028e-06,0.00110125,4.069126e-08,4.2540518e-07,0.0032653175,6.4335116e-05,1.027315e-07,1.4540518e-05,2.0690244e-05,6.6191916e-07,6.9754566e-07
15,1,Sun_Sunlight_Damage,Actinic_Keratosis,1.6695174e-05,0.99648356,7.2913804e-07,6.706551e-06,1.2186225e-05,8.833289e-07,8.04912e-06,3.8128615e-06,2.4307022e-07,1.6006335e-05,6.8281647e-06,1.10370785e-07,1.2026746e-07,9.716869e-07,1.1964594e-05,0.003349383,2.7004303e-06,3.4678408e-08,5.031439e-05,1.4057568e-05,2.3449071e-07,1.4254302e-05
15,0,Sun_Sunlight_Damage,Acne,0.85360384,1.9457846e-06,0.09414519,4.3328578e-06,2.941253e-07,3.185322e-05,0.00022791699,1.4797964e-06,0.0012827406,8.320193e-06,0.0006224762,1.3909251e-06,2.5205863e-06,3.9213097e-05,0.003865729,0.044745315,0.00039518822,2.790737e-10,0.00039825434,5.490814e-05,2.711486e-07,0.0005668589
16,4,Tinea,Candidiasis,0.00012788623,3.9811646e-05,0.0018836644,0.0003269251,0.9434014,0.0005660038,0.00076229277,0.00014876816,0.00031365274,0.0014618759,0.0001977421,0.0009635898,0.00036730792,8.765301e-05,5.5264456e-05,0.0002822938,0.045002285,9.45435e-05,0.0012600272,0.0010333852,0.0009811,0.0006425448
16,4,Tinea,Candidiasis,2.9456187e-06,1.1785805e-06,0.00033592188,1.4117748e-05,0.9814569,3.7490881e-06,1.2700539e-05,1.8767783e-05,1.78144e-05,6.2381616e-05,3.7789139e-06,2.1934125e-05,1.16634765e-05,5.602399e-07,9.035112e-07,1.6989332e-05,0.017956972,3.6924226e-07,1.6687047e-05,6.6207435e-06,2.5407924e-05,1.1743446e-05
16,1,Tinea,Actinic_Keratosis,0.2992493,0.6833155,8.058816e-08,0.00040129342,6.7289193e-06,1.2311936e-05,4.8194324e-06,0.00017668972,0.00016639511,0.015720265,6.1941755e-05,0.0004880714,2.9838491e-05,7.85601e-06,0.00032694457,2.7844735e-06,1.6992366e-05,1.6402455e-08,1.4504923e-06,1.6419059e-06,1.4427381e-07,8.939927e-06
16,4,Tinea,Candidiasis,7.0088845e-07,5.693533e-07,0.00025068995,0.002984042,0.59714913,0.07739613,0.0029667541,0.0016228132,0.002444725,5.9817274e-05,1.7872569e-06,1.6482807e-05,5.3400295e-06,6.7975986e-07,1.3820213e-05,6.1433915e-05,0.2653032,1.2521765e-06,0.00021375554,0.04947877,1.9357882e-05,8.680363e-06
16,11,Tinea,Psoriasis,0.0007399317,0.022173773,0.00011312498,0.02570957,0.0018297086,0.0018683264,0.0009886995,0.09152685,0.015464278,0.109513775,4.0750615e-06,0.55709773,4.3642398e-05,1.7831486e-05,6.3217565e-05,1.5032223e-05,0.013370627,5.4143904e-05,3.3125307e-06,0.0009981156,1.1725421e-05,0.15839247
16,3,Tinea,Bullous,0.042922836,1.9496697e-06,0.013755782,0.69377875,1.595674e-05,0.0009867249,0.0001274303,0.0024471544,0.00382038,5.2909995e-06,5.343939e-07,0.00015939685,4.6578185e-05,1.3909557e-05,1.4261197e-05,1.0041042e-05,0.18564436,1.3478538e-08,1.1741417e-05,0.056224287,3.8548697e-07,1.2377352e-05
16,6,Tinea,Eczema,0.24626237,0.004971609,0.0029055583,0.03231681,0.00016469021,0.0024583521,0.5189864,0.0019276623,0.002215757,0.027304731,0.0006552865,0.0011427111,0.008234428,0.0031725697,0.024626967,0.0052475235,0.07839019,9.6553535e-08,0.022512158,0.016301792,7.091274e-05,0.00013137852
16,12,Tinea,Rosacea,2.5019594e-05,2.9188868e-05,8.419402e-07,6.897943e-08,3.0805677e-06,9.552705e-05,0.00014372499,7.111734e-07,3.3139204e-06,0.0010948351,0.00013027037,4.538318e-06,0.9893253,2.8930614e-08,8.219991e-07,0.0011347393,0.007722594,3.6564993e-10,0.00028391404,1.2261062e-06,4.6448072e-08,1.4347182e-07
16,6,Tinea,Eczema,5.0908846e-05,0.277518,3.947605e-06,0.00013537296,0.000832021,4.827999e-05,0.70403653,1.9242661e-05,0.0009093184,0.00017463483,2.5715206e-06,0.002747672,0.0010224755,9.589466e-06,4.5157874e-05,6.444363e-05,0.012128408,3.2082617e-09,1.7782835e-06,0.0002475657,9.818292e-07,1.0644145e-06
16,6,Tinea,Eczema,1.4447807e-07,2.4582537e-06,4.2610263e-05,4.4853573e-06,2.1071562e-06,1.045944e-06,0.8393745,9.2940314e-07,0.00026728917,5.791528e-06,5.071447e-05,0.00020315313,1.3233053e-07,3.5813932e-06,2.173942e-05,5.488905e-05,0.15995088,1.2944445e-11,3.910941e-06,4.3891222e-07,1.1367711e-06,8.076647e-06
16,11,Tinea,Psoriasis,3.113523e-07,1.2864541e-05,2.4366077e-06,7.5768367e-06,1.1450354e-05,0.00012646995,0.18567875,1.566087e-05,8.7061315e-05,1.4209388e-05,3.265039e-05,0.44218978,1.2276537e-06,3.26472e-06,0.00022691645,1.8559473e-05,0.37147546,7.8376665e-09,5.9365502e-05,2.5100002e-05,5.5424916e-06,5.407067e-06
16,7,Tinea,Infestations_Bites,1.8348563e-05,0.00055125443,7.5818734e-06,0.053363796,0.3888791,1.5408881e-05,0.011449955,0.49457574,4.0338036e-05,0.00038724387,2.486121e-07,5.6145796e-05,5.422245e-05,2.4260884e-05,6.5836034e-06,2.3138564e-06,0.03867283,1.6725765e-07,1.42707e-05,0.009476109,1.9326586e-07,0.0024038944
16,4,Tinea,Candidiasis,2.1945468e-07,6.140512e-07,0.00017255323,9.295686e-07,0.94201905,4.0428306e-05,3.079499e-06,0.0001599547,0.0052873353,1.46483635e-05,1.6698647e-06,2.8468856e-05,7.8527484e-07,1.5802408e-08,2.309436e-06,2.4040262e-05,0.052231304,4.1778954e-09,1.0474625e-05,9.340937e-07,1.3004367e-07,1.0798084e-06
16,4,Tinea,Candidiasis,8.7966875e-08,2.097868e-06,9.138001e-05,0.00017688851,0.8901243,3.6179874e-06,0.00018684469,5.028873e-06,1.895613e-06,4.5774806e-07,1.5323168e-07,2.711742e-05,5.006889e-06,6.116205e-07,3.044442e-07,1.3467959e-06,0.109330855,6.937786e-08,3.8107682e-05,1.4924285e-06,8.68988e-07,1.5313462e-06
16,4,Tinea,Candidiasis,5.7060308e-09,2.689091e-07,3.2486352e-07,3.53441e-07,0.9980684,1.1777991e-07,1.6917918e-05,9.731611e-08,2.0653638e-07,2.1555527e-07,1.924157e-08,8.480821e-06,4.170065e-07,1.5668817e-08,9.331594e-09,9.1908866e-08,0.0019029385,6.882314e-09,4.150683e-07,3.2889733e-07,2.906068e-07,6.306553e-08
16,4,Tinea,Candidiasis,2.9456187e-06,1.1785805e-06,0.00033592188,1.4117748e-05,0.9814569,3.7490881e-06,1.2700539e-05,1.8767783e-05,1.78144e-05,6.2381616e-05,3.7789139e-06,2.1934125e-05,1.16634765e-05,5.602399e-07,9.035112e-07,1.6989332e-05,0.017956972,3.6924226e-07,1.6687047e-05,6.6207435e-06,2.5407924e-05,1.1743446e-05
16,4,Tinea,Candidiasis,1.8714245e-05,0.00042180967,0.0008335063,4.2466574e-05,0.76102775,0.00019871903,0.0018514784,0.00043160655,0.00029508752,0.0004670399,0.008970498,0.08316764,0.00013358133,0.002898707,0.00043993644,0.00014407307,0.13095178,3.895935e-06,0.006884587,0.00014451315,1.9713736e-05,0.00065287005
16,6,Tinea,Eczema,7.140813e-06,7.876255e-05,0.0013274467,1.3735206e-05,0.00015969058,8.326027e-06,0.52602243,0.023935422,9.1971185e-07,0.0002782832,4.2706197e-06,0.00012029822,4.825865e-05,1.1083168e-05,0.00020796047,1.8050043e-05,0.15413284,5.3324943e-08,9.364824e-05,0.00025876475,5.704663e-08,0.29327258
16,8,Tinea,Lichen,1.4802135e-06,3.076963e-07,9.031244e-05,2.6033604e-07,1.7731158e-07,2.18288e-05,0.0032208096,0.00011200165,0.51467216,3.7999624e-07,2.8023321e-06,0.0046853833,2.3183544e-08,4.490245e-05,4.034629e-07,1.34256525e-05,0.4716526,3.6647606e-07,2.4755565e-07,3.426876e-07,9.728265e-07,0.00547886
16,8,Tinea,Lichen,1.3417907e-06,6.8301084e-08,3.3800643e-05,3.1964166e-05,3.1871828e-06,3.664404e-06,1.0742328e-05,2.9808376e-05,0.5371222,2.9477337e-07,1.4605407e-06,1.7881109e-07,1.0438581e-08,0.0036266088,1.2839687e-06,3.2410017e-07,0.45874873,7.075488e-09,1.8381262e-07,1.5934874e-06,0.00037978016,2.8354962e-06
16,10,Tinea,Moles,0.00027078172,0.0008528936,0.0015241434,0.00011084472,2.6807138e-05,0.0010770743,0.0001035863,0.048342783,0.0013968811,0.0048408597,0.76100856,0.036847252,3.817178e-06,0.0060537416,3.741386e-05,0.00037406353,0.13552688,2.3787253e-07,0.0001917376,0.00070061604,5.9754686e-05,0.0006492911
16,10,Tinea,Moles,7.895987e-06,2.3122245e-06,0.00383907,2.7369654e-07,4.3911908e-07,1.9610641e-05,2.318539e-05,0.00022326397,1.5533251e-05,5.65981e-07,0.91978174,0.00027249707,5.089515e-07,0.00020212602,0.025013827,0.0005387925,0.049900033,3.561754e-06,0.00011932785,3.371052e-05,1.3497073e-06,3.855487e-07
17,20,Unknown_Normal,Vitiligo,7.368068e-05,0.000121948324,6.9544417e-06,7.610196e-05,6.5103945e-05,0.00011347316,5.1518906e-05,0.009960899,0.00036290308,0.037995595,5.298783e-05,2.3731409e-05,3.2923342e-06,1.3642775e-06,4.3643518e-06,1.18074295e-05,0.0005377235,0.34733453,9.85736e-06,2.953309e-05,0.60314995,1.2691984e-05
17,5,Unknown_Normal,DrugEruption,4.191182e-07,3.385372e-05,5.241547e-05,0.00047803108,8.820804e-05,0.753724,1.6401453e-05,2.1984879e-05,3.3649132e-05,1.8581559e-05,6.005538e-07,7.207289e-06,1.1453341e-06,4.43474e-07,9.382406e-06,6.54426e-05,1.2320396e-05,0.24459068,1.0442114e-05,0.0007018799,0.00013006908,2.8591535e-06
17,20,Unknown_Normal,Vitiligo,4.9199266e-06,0.00020736031,4.0249917e-05,4.1966803e-05,3.6063332e-06,0.0015655184,8.880416e-05,1.4658975e-06,2.3490447e-05,4.9479145e-06,0.0003555498,3.160224e-06,4.90087e-05,5.437637e-06,5.9069193e-06,8.5647625e-05,7.321793e-05,0.00025952072,5.9727055e-05,7.2505663e-06,0.9970943,1.90053e-05
18,21,Vascular_Tumors,Warts,0.001050416,4.719804e-06,0.05172198,3.9550273e-06,1.3616974e-06,7.594713e-06,8.713072e-06,7.589761e-06,0.037351802,1.5975056e-05,0.0031578545,7.61097e-06,4.1698766e-07,0.0048399754,1.8731798e-05,2.1923595e-05,5.557858e-06,3.0089407e-08,0.06270789,0.00029314123,7.33774e-07,0.838772
18,14,Vascular_Tumors,SkinCancer,0.00034719316,1.3482858e-06,0.21326075,0.0006147541,0.0005423828,0.000550141,7.301527e-05,0.00019382256,7.696446e-05,4.965012e-05,0.00072228815,0.014884238,9.81632e-06,2.5812587e-05,0.6740842,1.8775232e-06,0.002302453,3.1173684e-07,0.08946497,0.0027931884,2.8251688e-07,5.351175e-07
18,13,Vascular_Tumors,Seborrh_Keratoses,0.000297429,7.1913804e-05,0.0019360351,0.0011914948,0.00044994208,0.00016788338,0.00020880434,0.2720239,0.0007311403,5.5063192e-05,0.00064006954,0.0022744813,3.1916887e-05,0.3160675,0.00072177954,3.3680615e-05,0.2546672,2.0471134e-05,0.14827117,4.4552682e-05,2.4815076e-06,9.117516e-05
18,2,Vascular_Tumors,Benign_tumors,1.2396687e-07,0.27824566,0.7023839,3.5574143e-05,8.282625e-07,7.494584e-05,5.3701287e-06,1.4472009e-05,0.000101381986,0.0047234586,1.1260546e-06,2.4560695e-06,2.0626449e-05,2.6797792e-05,0.008184702,0.0051995968,0.00028705507,8.947436e-08,0.0004290185,0.00026190744,4.3975137e-07,5.577634e-07
18,14,Vascular_Tumors,SkinCancer,3.4649016e-05,4.7299334e-05,0.049813785,0.0006020551,1.202769e-05,2.078583e-05,4.5883757e-05,0.0013717681,0.00013990559,7.416921e-05,4.8635837e-05,3.2136362e-05,4.8185928e-05,0.0021288001,0.8448012,7.0974034e-05,0.0018269573,2.294343e-06,0.090196334,0.008489731,3.4213922e-06,0.00018900003
18,14,Vascular_Tumors,SkinCancer,5.7928995e-05,5.1903516e-08,0.013570729,0.00012684292,3.878479e-07,1.1959546e-05,8.495794e-07,1.2764582e-05,9.404736e-08,1.1453861e-06,4.1720506e-07,1.9418849e-07,3.714013e-05,3.3950025e-07,0.98569214,2.0617206e-06,0.0003652414,8.337018e-11,7.545716e-05,4.3998414e-05,1.767511e-09,1.4429625e-07
18,13,Vascular_Tumors,Seborrh_Keratoses,6.1263694e-05,0.01412304,0.00012251687,0.0016267127,0.002219019,3.839102e-06,0.0016298268,0.0005732208,0.054424837,0.005011923,0.16500275,0.00088226417,0.00012796599,0.30453518,0.18244942,1.4325341e-05,0.020252261,1.00365476e-07,0.10371572,0.0022547783,9.218402e-06,0.1409598
18,10,Vascular_Tumors,Moles,5.38803e-06,4.3623175e-05,0.003130593,8.1348135e-06,2.4710003e-05,6.907295e-05,4.0089035e-06,0.18249647,3.0846528e-05,0.00010742046,0.70833814,2.3963465e-05,1.7841596e-06,7.613118e-07,0.0007178746,0.0006027547,0.005268934,1.0807558e-05,0.09752349,5.8768775e-05,4.5373812e-07,0.0015320433
18,3,Vascular_Tumors,Bullous,2.8001523e-08,1.4993795e-08,0.00019502259,0.51173365,0.00015947563,2.5512887e-07,1.7444272e-08,0.00011539191,0.00013981063,8.030625e-05,2.2088357e-06,1.817267e-07,1.711787e-08,1.8244725e-08,1.6535228e-06,1.3925604e-07,4.2213294e-05,8.505828e-09,0.46278065,0.024699304,7.2875906e-08,4.9508282e-05
18,13,Vascular_Tumors,Seborrh_Keratoses,0.0013345331,2.2970124e-05,0.017679468,0.00038580014,7.4425006e-06,7.468079e-05,0.0005738278,1.7349377e-05,0.08720027,0.00024744033,6.065165e-06,2.283902e-05,1.2382889e-05,0.70204777,0.00022183075,0.00013669084,9.950058e-05,1.8404869e-06,1.3153525e-05,3.1135834e-05,2.1971087e-05,0.18984109
18,2,Vascular_Tumors,Benign_tumors,3.3455703e-06,7.3069416e-05,0.89197403,2.2071588e-05,6.715472e-05,8.2035775e-05,0.00013306974,0.00016415957,0.00040189523,0.0018030857,0.00017649315,0.00027617905,0.00019310987,1.6777994e-06,0.07795827,4.086719e-05,0.00045907465,1.1407176e-07,0.026069704,8.575903e-05,1.2710809e-06,1.3563899e-05
18,16,Vascular_Tumors,Tinea,0.0005100518,7.416455e-06,0.0021571016,0.0031690458,0.001302027,0.00030519097,0.0011579584,0.020787522,0.0015345637,0.016157603,0.00026473228,0.0056231,3.386341e-05,0.00016830555,0.001458128,0.00030836972,0.48766428,4.273469e-06,0.4495169,0.0076808534,0.00012438284,6.429928e-05
18,14,Vascular_Tumors,SkinCancer,5.7348778e-05,0.0020880098,0.04416016,4.549833e-05,6.947671e-07,1.4845115e-05,1.4058639e-05,0.0017592652,0.00012272535,0.00014680123,3.7742542e-05,2.608202e-06,0.0044266386,5.329238e-06,0.93826544,2.4427936e-05,3.1568143e-05,6.3276575e-09,0.008760412,3.5464494e-05,1.1938354e-07,8.951633e-07
18,6,Vascular_Tumors,Eczema,0.0005715099,0.00033973242,0.0024874837,7.58321e-05,0.3405523,0.0059721903,0.41797152,0.002676454,0.04006987,6.656374e-05,0.0002914839,0.042217527,0.0018220005,6.316052e-05,0.11073759,1.4380711e-05,0.0156655,2.3353928e-07,0.015057356,5.0604944e-05,4.8462095e-07,0.0032962603
19,18,Vasculitis,Vascular_Tumors,0.00088120584,0.0014673442,0.00046173707,0.0033070773,0.012375017,0.04939108,2.6612595e-05,0.00038096853,0.12801471,8.040747e-05,7.5206335e-05,0.0005039407,0.00025868617,3.0860087e-05,0.0737372,0.00017429555,0.035342425,5.7002586e-07,0.68482035,0.008357196,2.972928e-06,0.00031022038
19,8,Vasculitis,Lichen,7.4581944e-06,0.29502955,0.063774705,0.016018083,2.914441e-06,0.006949148,0.00054334116,0.00081339857,0.44170207,0.0005962426,0.00028070947,0.0037444679,3.4030177e-06,0.10686176,0.00010861928,0.0033917297,0.001988947,1.5366758e-06,0.0065378333,0.0067428965,0.043248378,0.0016528111
19,3,Vasculitis,Bullous,6.489245e-08,6.3791895e-06,0.00095208694,0.7828686,0.00027452369,0.008642118,1.0364411e-06,0.11295239,0.03831003,0.00027256177,1.1917357e-06,4.385485e-05,4.1724025e-08,1.4811204e-06,1.223952e-06,8.040209e-06,0.0015005467,1.5596193e-07,5.7536698e-05,0.054077078,3.5558232e-06,2.542635e-05
19,7,Vasculitis,Infestations_Bites,3.0228687e-06,4.020588e-10,7.435695e-07,7.120847e-07,1.6395193e-08,4.356542e-05,0.00011860211,0.99953806,4.4816238e-07,4.96474e-06,7.4515855e-10,2.8897512e-07,9.861739e-09,1.2659216e-09,2.0831413e-07,7.693618e-08,3.8746684e-06,1.6388219e-12,2.5835604e-08,0.0002853845,3.8101714e-12,8.259055e-08
19,18,Vasculitis,Vascular_Tumors,7.0173606e-05,0.00027575926,6.2570085e-05,0.0027868408,0.0016702556,0.006896928,2.5324377e-06,0.00012377858,0.008301684,8.485433e-06,9.00136e-06,0.00045201986,1.0892363e-05,2.1863275e-06,0.008609756,1.5382258e-05,0.0032798683,1.3075386e-07,0.96580786,0.0015953408,4.966372e-07,1.8150104e-05
19,18,Vasculitis,Vascular_Tumors,3.161674e-05,5.1242638e-05,0.0001524283,0.0006808988,1.0564397e-05,0.0009905515,9.591205e-07,1.669304e-05,0.00011362389,5.783757e-06,9.83352e-06,3.170793e-05,5.142819e-05,3.4463594e-07,0.016011,5.8483965e-06,0.00074571616,4.223081e-08,0.980361,0.0006870944,1.3010177e-07,4.1501036e-05
19,13,Vasculitis,Seborrh_Keratoses,3.1489322e-05,3.598604e-06,0.00028161847,8.338563e-05,2.9577618e-07,5.9562767e-06,1.122316e-06,0.0005363845,0.00441589,9.145965e-06,4.2685744e-05,6.714555e-08,1.9548559e-06,0.9923523,1.2739004e-06,0.00012613328,0.0016756583,5.062248e-08,0.00015707844,0.00018281801,8.9373774e-05,1.686688e-06
19,6,Vasculitis,Eczema,7.1818076e-06,0.00015163638,6.379204e-05,0.0003944999,0.010975672,0.00020373502,0.97565484,0.00010263226,1.2493227e-05,1.5718646e-05,1.2687188e-06,0.00019852133,0.00045587594,1.4889994e-05,0.0002518999,0.00034580394,0.010706084,2.3015976e-07,9.2558934e-05,0.00033597584,7.704029e-06,7.0328583e-06
19,16,Vasculitis,Tinea,1.0356337e-05,9.159762e-05,4.5734105e-05,0.0023455287,0.00016739052,8.429142e-05,0.021943199,0.00031645346,3.3633918e-05,0.032843158,1.2842447e-07,0.013917825,1.8297958e-05,2.9611133e-06,0.00068362156,7.269685e-06,0.9220438,2.437776e-10,1.5457606e-06,0.005440201,1.8019833e-06,1.1654868e-06
19,21,Vasculitis,Warts,0.00047363775,5.8136546e-08,0.0020031536,5.6129567e-05,0.018496703,8.7684293e-07,0.0002015244,3.2758824e-05,2.043842e-05,1.2244668e-06,7.7828986e-08,0.007940934,1.4979514e-07,2.8587743e-07,1.1891437e-06,2.863197e-07,0.12346097,4.2936692e-11,4.818759e-07,2.9377212e-08,2.070117e-08,0.847309
20,17,Vitiligo,Unknown_Normal,1.8453527e-06,9.562063e-06,5.5761427e-07,8.7455985e-05,1.3764656e-05,0.00094827934,9.8026794e-05,7.0054016e-06,9.501086e-06,8.051342e-06,1.3433775e-07,6.955653e-06,4.595008e-06,1.0495332e-07,1.4423557e-07,1.7564018e-06,1.2936989e-05,0.9797774,2.4927067e-07,6.012318e-06,0.01900312,2.4569144e-06
20,17,Vitiligo,Unknown_Normal,1.4230523e-05,0.00024583557,1.3211901e-05,1.7542814e-05,1.4091155e-05,0.0007561077,6.833632e-06,5.6050292e-05,6.892647e-05,2.9549698e-05,3.8140322e-05,2.5401408e-05,1.8363475e-05,6.7265505e-06,9.916475e-06,0.00010583971,1.6204487e-05,0.9939043,4.3847253e-06,3.9863895e-05,0.004592577,1.5902042e-05
20,16,Vitiligo,Tinea,7.666931e-06,7.614691e-08,2.6001706e-05,1.2935646e-05,5.1352818e-06,4.0835874e-07,8.9107154e-08,2.7924903e-05,0.015933765,0.0059026554,9.7754155e-06,0.00013035988,2.8806953e-08,1.0461642e-06,1.2936872e-08,2.690861e-06,0.9638123,5.2265756e-07,5.211427e-06,1.1827465e-05,0.01410932,1.3103063e-07
21,18,Warts,Vascular_Tumors,1.0818929e-07,3.387713e-06,0.008293655,8.346169e-06,5.478285e-05,7.660171e-07,0.00024443812,4.470856e-06,1.3603881e-06,8.948596e-07,4.1902324e-05,0.00032976843,1.0743017e-06,6.373859e-07,1.5687305e-05,8.21284e-08,5.9597656e-05,2.8575964e-09,0.64105886,2.459135e-05,2.2932938e-09,0.3498556
21,14,Warts,SkinCancer,2.3894825e-05,0.0005416041,0.30891418,0.0014337212,0.00051598164,1.2718579e-05,0.0011853556,0.0002416236,7.0014525e-05,2.4618652e-05,1.4290694e-05,0.00012026968,3.3516473e-05,1.6134316e-05,0.4715253,1.5925038e-05,0.01496166,3.468326e-08,0.16041763,0.0017461817,4.1746326e-08,0.03818524
21,0,Warts,Acne,0.5029199,2.6105523e-05,0.36689815,1.6518083e-05,1.0871946e-05,6.7878864e-05,5.2893818e-05,0.00039691332,0.0015250267,4.6171826e-05,0.017520543,9.213794e-05,1.5333296e-06,0.06844932,0.0002087688,0.00065025594,0.00044846567,7.0577875e-07,0.00015207069,0.00032074918,1.4261195e-05,0.040180735
21,6,Warts,Eczema,0.0005055582,2.9691053e-06,9.036928e-05,1.5095516e-08,4.8172383e-06,0.0019122176,0.6090876,0.00087400374,4.5170978e-06,5.0084884e-05,0.0012988014,0.19197983,2.0959428e-06,5.955531e-07,5.960318e-06,0.049686376,0.00026002424,2.0532603e-10,1.6355922e-05,4.3548953e-05,1.9015452e-08,0.1441743
21,18,Warts,Vascular_Tumors,7.290548e-07,6.7521074e-07,0.1229845,0.002657755,1.8887671e-05,1.7827162e-05,2.7164361e-07,0.001546036,2.3992307e-06,1.3069475e-05,2.445864e-07,9.548646e-08,8.461803e-06,2.877423e-07,0.0035760114,2.2843e-06,3.6805013e-05,0.000110828856,0.8669598,0.0020269891,4.3824002e-08,3.6104946e-05
21,2,Warts,Benign_tumors,0.00015327222,0.00023185764,0.7884972,0.00051273464,0.00026906768,3.9604096e-05,0.0041255844,5.6259418e-05,0.0003090007,0.00096259627,0.02508981,0.020804398,0.00012231154,0.0014949203,0.0016020843,0.00021089507,0.008299931,4.7602502e-06,0.0070805238,0.0019657575,0.00021557226,0.13795182
21,2,Warts,Benign_tumors,3.2478786e-07,1.1239177e-06,0.8959518,3.1020204e-06,6.1352736e-08,3.5637427e-08,0.00018984417,9.985778e-06,2.0352752e-07,3.326835e-07,5.0915182e-06,0.00011183078,9.417836e-08,2.9519006e-06,2.14451e-06,7.673419e-07,4.239074e-06,1.7008197e-09,2.6179537e-06,3.758755e-07,5.548265e-09,0.103712864
21,7,Warts,Infestations_Bites,0.00013639372,3.4669178e-05,0.010942248,0.00025269133,0.00044758394,0.18016428,7.088603e-05,0.31593093,0.0052295486,3.1091986e-05,0.18815884,3.8911116e-05,2.4296696e-05,1.50337955e-05,4.5486497e-05,0.0007877255,0.00024237359,0.00018700659,0.050148364,0.00081056636,0.000104289764,0.24619685
21,2,Warts,Benign_tumors,4.3331138e-07,1.8553171e-08,0.9868413,7.903154e-06,3.6899075e-06,5.4274426e-07,2.971365e-09,9.2565824e-07,2.5518495e-06,0.001107541,1.045766e-06,1.198797e-08,3.5518063e-08,2.117241e-06,0.0009124405,6.944354e-07,7.365416e-05,8.53325e-09,0.011028682,1.1796978e-05,4.543321e-07,4.185578e-06
21,1,Warts,Actinic_Keratosis,1.1732498e-06,0.80259734,0.00037172486,4.8070124e-06,8.329248e-05,4.333511e-06,2.1722506e-05,0.00029944626,0.066173725,0.007243733,1.895643e-05,0.00057353603,8.4726065e-07,2.6330297e-05,1.6669278e-06,4.525811e-06,2.0572968e-05,8.4118845e-05,3.7696286e-06,2.8658914e-07,7.91537e-06,0.12245614
21,16,Warts,Tinea,0.043100987,0.011305104,0.0030831436,0.00017939632,7.740621e-05,0.00011582045,0.0012562645,0.045413844,0.00020743463,0.0008854752,0.00014094709,2.45168e-06,0.017937306,0.04290432,0.0024915966,0.005879109,0.75012946,9.3352526e-07,0.056117654,0.000168404,1.4401784e-05,0.018588524
21,2,Warts,Benign_tumors,0.039077874,0.005114027,0.2929061,0.00181661,0.0014761838,0.0020063466,0.27203712,0.0030391924,0.00016104712,0.002018493,1.4414942e-05,5.9732974e-06,0.08559037,0.00060860935,0.00176452,0.2490964,0.008491234,3.0608287e-06,0.00026728192,0.034128632,2.864697e-06,0.0003736125
21,16,Warts,Tinea,3.021362e-08,7.6735245e-07,0.0012531519,8.6639295e-05,4.150645e-05,8.854349e-06,0.000804261,0.112712875,0.0009750761,6.1927284e-07,7.025215e-07,1.22133615e-05,6.2563544e-08,1.9917003e-07,3.3572594e-08,4.1463973e-06,0.88147306,7.0565285e-08,3.390812e-05,0.00020632056,1.7615761e-07,0.0023854524
21,6,Warts,Eczema,5.6940405e-07,2.86964e-06,1.3904577e-05,5.645249e-05,6.7129184e-07,4.2946328e-07,0.9611789,1.9086167e-05,1.987801e-05,0.00026064584,1.6374582e-07,0.027993407,5.052122e-07,3.7824595e-06,2.8829643e-05,7.932372e-06,0.0075700795,2.1490363e-09,5.7125853e-06,0.00018503403,5.0745737e-08,0.0026510237
21,18,Warts,Vascular_Tumors,0.0032001522,0.0014880259,0.03684034,0.0069432943,0.0030845741,0.013031121,0.001219832,0.027777992,0.004479558,0.0005739532,0.040156394,0.0047780746,0.0013838467,0.14589332,0.03620961,0.0008544406,0.00088212057,0.145122,0.4822441,0.0074007898,0.0025333639,0.033903085
21,18,Warts,Vascular_Tumors,5.2548687e-05,3.0512417e-06,0.0012235496,0.00011885996,9.88822e-06,4.5275823e-07,0.015002213,0.00019171357,9.627804e-07,2.6246541e-06,9.047474e-06,5.4499543e-07,5.294156e-06,2.467887e-05,2.8168422e-06,1.4087247e-05,0.00013023846,2.0301871e-07,0.5424697,3.415543e-05,4.4374683e-08,0.44070333
